#
# A fatal error has been detected by the Java Runtime Environment:
#
#  EXCEPTION_ACCESS_VIOLATION (0xc0000005) at pc=0x00007ff8370d90bf, pid=36440, tid=36608
#
# JRE version: OpenJDK Runtime Environment Temurin-21.0.7+6 (21.0.7+6) (build 21.0.7+6-LTS)
# Java VM: OpenJDK 64-Bit Server VM Temurin-21.0.7+6 (21.0.7+6-LTS, mixed mode, sharing, tiered, compressed oops, compressed class ptrs, g1 gc, windows-amd64)
# Problematic frame:
# C  0x000001e44c8000d0
#
# No core dump will be written. Minidumps are not enabled by default on client versions of Windows
#
# If you would like to submit a bug report, please visit:
#   https://github.com/adoptium/adoptium-support/issues
# The crash happened outside the Java Virtual Machine in native code.
# See problematic frame for where to report the bug.
#

---------------  S U M M A R Y ------------

Command Line: -Declipse.p2.max.threads=10 -Doomph.update.url=https://download.eclipse.org/oomph/updates/milestone/latest -Doomph.redirection.index.redirection=index:/->https://raw.githubusercontent.com/eclipse-oomph/oomph/master/setups/ --add-opens=java.base/java.lang=ALL-UNNAMED -Djava.security.manager=allow -XX:CompileCommand=quiet -XX:CompileCommand=exclude org.eclipse.jdt.internal.core.dom.rewrite.ASTRewriteAnalyzer::getExtendedRange -Dorg.eclipse.ecf.provider.filetransfer.excludeContributors=org.eclipse.ecf.provider.filetransfer.httpclientjava -Dosgi.requiredJavaVersion=21 -Dosgi.instance.area.default=@user.home/eclipse-workspace -Dosgi.dataAreaRequiresExplicitInit=true -Dorg.eclipse.swt.graphics.Resource.reportNonDisposed=true -Declipse.e4.inject.javax.warning=false -Declipse.platform.mergeTrust=true -XX:+UseG1GC -XX:+UseStringDeduplication --add-modules=ALL-SYSTEM Eclipse

Host: 11th Gen Intel(R) Core(TM) i5-1135G7 @ 2.40GHz, 8 cores, 7G,  Windows 11 , 64 bit Build 26100 (10.0.26100.8246)
Time: Sat Apr 25 11:15:24 2026 Hora est. Pacífico, Sudamérica elapsed time: 108.595178 seconds (0d 0h 1m 48s)

---------------  T H R E A D  ---------------

Current thread (0x000001e4311d7ad0):  JavaThread "main"             [_thread_in_native, id=36608, stack(0x0000004cca070000,0x0000004cca170000) (1024K)]

Stack: [0x0000004cca070000,0x0000004cca170000],  sp=0x0000004cca16ddf8,  free space=1015k
Native frames: (J=compiled Java code, j=interpreted, Vv=VM code, C=native code)
C  0x00007ff8370d90bf

Java frames: (J=compiled Java code, j=interpreted, Vv=VM code)
j  org.eclipse.swt.internal.win32.OS.TrackPopupMenu(JIIIIJLorg/eclipse/swt/internal/win32/RECT;)Z+0
j  org.eclipse.swt.widgets.Menu._setVisible(Z)V+162
J 19310 c2 org.eclipse.swt.widgets.Display.runPopups()Z (91 bytes) @ 0x000001e43fa7fe78 [0x000001e43fa7fce0+0x0000000000000198]
J 19943 c1 org.eclipse.swt.widgets.Display.readAndDispatch()Z (94 bytes) @ 0x000001e4389008ec [0x000001e438900780+0x000000000000016c]
j  org.eclipse.e4.ui.internal.workbench.swt.PartRenderingEngine$5.run()V+564
j  org.eclipse.core.databinding.observable.Realm.runWithDefault(Lorg/eclipse/core/databinding/observable/Realm;Ljava/lang/Runnable;)V+12
j  org.eclipse.e4.ui.internal.workbench.swt.PartRenderingEngine.run(Lorg/eclipse/e4/ui/model/application/MApplicationElement;Lorg/eclipse/e4/core/contexts/IEclipseContext;)Ljava/lang/Object;+57
j  org.eclipse.e4.ui.internal.workbench.E4Workbench.createAndRunUI(Lorg/eclipse/e4/ui/model/application/MApplicationElement;)V+20
j  org.eclipse.ui.internal.Workbench.lambda$3(Lorg/eclipse/swt/widgets/Display;Lorg/eclipse/ui/application/WorkbenchAdvisor;[I)V+352
j  org.eclipse.ui.internal.Workbench$$Lambda+0x000001e44e27fb78.run()V+12
j  org.eclipse.core.databinding.observable.Realm.runWithDefault(Lorg/eclipse/core/databinding/observable/Realm;Ljava/lang/Runnable;)V+12
j  org.eclipse.ui.internal.Workbench.createAndRunWorkbench(Lorg/eclipse/swt/widgets/Display;Lorg/eclipse/ui/application/WorkbenchAdvisor;)I+16
j  org.eclipse.ui.PlatformUI.createAndRunWorkbench(Lorg/eclipse/swt/widgets/Display;Lorg/eclipse/ui/application/WorkbenchAdvisor;)I+2
j  org.eclipse.ui.internal.ide.application.IDEApplication.start(Lorg/eclipse/equinox/app/IApplicationContext;)Ljava/lang/Object;+113
j  org.eclipse.equinox.internal.app.EclipseAppHandle.run(Ljava/lang/Object;)Ljava/lang/Object;+138
j  org.eclipse.core.runtime.internal.adaptor.EclipseAppLauncher.runApplication(Ljava/lang/Object;)Ljava/lang/Object;+85
j  org.eclipse.core.runtime.internal.adaptor.EclipseAppLauncher.start(Ljava/lang/Object;)Ljava/lang/Object;+79
j  org.eclipse.core.runtime.adaptor.EclipseStarter.run(Ljava/lang/Object;)Ljava/lang/Object;+99
j  org.eclipse.core.runtime.adaptor.EclipseStarter.run([Ljava/lang/String;Ljava/lang/Runnable;)Ljava/lang/Object;+132
J 554 c1 java.lang.invoke.DirectMethodHandle$Holder.invokeStatic(Ljava/lang/Object;Ljava/lang/Object;Ljava/lang/Object;)Ljava/lang/Object; java.base@21.0.7 (15 bytes) @ 0x000001e437fb4874 [0x000001e437fb4560+0x0000000000000314]
j  java.lang.invoke.LambdaForm$MH+0x000001e44e016800.invoke(Ljava/lang/Object;Ljava/lang/Object;Ljava/lang/Object;Ljava/lang/Object;)Ljava/lang/Object;+54 java.base@21.0.7
j  java.lang.invoke.LambdaForm$MH+0x000001e44e016c00.invokeExact_MT(Ljava/lang/Object;Ljava/lang/Object;Ljava/lang/Object;Ljava/lang/Object;Ljava/lang/Object;)Ljava/lang/Object;+22 java.base@21.0.7
j  jdk.internal.reflect.DirectMethodHandleAccessor.invokeImpl(Ljava/lang/Object;[Ljava/lang/Object;)Ljava/lang/Object;+72 java.base@21.0.7
j  jdk.internal.reflect.DirectMethodHandleAccessor.invoke(Ljava/lang/Object;[Ljava/lang/Object;)Ljava/lang/Object;+23 java.base@21.0.7
j  java.lang.reflect.Method.invoke(Ljava/lang/Object;[Ljava/lang/Object;)Ljava/lang/Object;+102 java.base@21.0.7
j  org.eclipse.equinox.launcher.Main.invokeFramework([Ljava/lang/String;[Ljava/net/URL;)V+155
j  org.eclipse.equinox.launcher.Main.basicRun([Ljava/lang/String;)V+191
j  org.eclipse.equinox.launcher.Main.run([Ljava/lang/String;)I+4
v  ~StubRoutines::call_stub 0x000001e43f4210e7

siginfo: EXCEPTION_ACCESS_VIOLATION (0xc0000005), data execution prevention violation at address 0x00007ff8370d90bf


Registers:
RAX=0x0000000000000001, RBX=0x0000004cca16df10, RCX=0x00007ff85368c834, RDX=0x0000000000000000
RSP=0x0000004cca16ddf0, RBP=0x000001e4311d7e88, RSI=0x000000000000006f, RDI=0x0000000000000002
R8 =0x0000004cca16dde8, R9 =0x0000000000000000, R10=0x0000000000000000, R11=0x0000000000000246
R12=0x00000000063e0b88, R13=0x0000000000000002, R14=0x0000000000000000, R15=0x0000000000000002
RIP=0x00007ff8370d90bf, EFLAGS=0x0000000000010246

XMM[0]=0x0000000000000000 0x0000000000000000
XMM[1]=0x0000000000000000 0x0000000000000000
XMM[2]=0x0000000000000000 0x0000000000000000
XMM[3]=0x0000000000000000 0x0000000000000000
XMM[4]=0x0000000000000000 0x0000000000000000
XMM[5]=0x0000000000000000 0x0000000000000000
XMM[6]=0x0000000000000000 0x495520656f676553
XMM[7]=0x0000000000000000 0x0000000001919dd0
XMM[8]=0x0000000000000000 0x0000000000000040
XMM[9]=0x0000000000000000 0x7bbb25596521078c
XMM[10]=0x0000000000000000 0x00000000e965e233
XMM[11]=0x0000000000000000 0x065a63ac6b7b6b38
XMM[12]=0x0000000000000000 0x000000006521078c
XMM[13]=0x0000000000000000 0x0000000000000010
XMM[14]=0x0000000000000000 0x0000000000000000
XMM[15]=0x0000000000000000 0x0000000000000000
  MXCSR=0x00001fa0


Register to memory mapping:

RAX=0x0000000000000001 is an unknown value
RBX=0x0000004cca16df10 is pointing into the stack for thread: 0x000001e4311d7ad0
RCX=0x00007ff85368c834 win32u.dll
RDX=0x0 is null
RSP=0x0000004cca16ddf0 is pointing into the stack for thread: 0x000001e4311d7ad0
RBP=0x000001e4311d7e88 points into unknown readable memory: 0x00007fff86fab7c0 | c0 b7 fa 86 ff 7f 00 00
RSI=0x000000000000006f is an unknown value
RDI=0x0000000000000002 is an unknown value
R8 =0x0000004cca16dde8 is pointing into the stack for thread: 0x000001e4311d7ad0
R9 =0x0 is null
R10=0x0 is null
R11=0x0000000000000246 is an unknown value
R12=0x00000000063e0b88 is an unknown value
R13=0x0000000000000002 is an unknown value
R14=0x0 is null
R15=0x0000000000000002 is an unknown value

Top of Stack: (sp=0x0000004cca16ddf0)
0x0000004cca16ddf0:   000001e44c8000d0 00000000063e0b88
0x0000004cca16de00:   000001e44c8000d0 00007ff8370d9e47
0x0000004cca16de10:   00000000063e0b88 0000000000000000
0x0000004cca16de20:   0000004cca16de98 0000000000000000
0x0000004cca16de30:   000001e44c8000d0 00000000000000c6
0x0000004cca16de40:   0000000046a20627 00007ff8370daa26
0x0000004cca16de50:   0000000046a20627 000001e4311d7e88
0x0000004cca16de60:   000000000000006f 000000c60000006f
0x0000004cca16de70:   000001e48f6de400 0000000000000000
0x0000004cca16de80:   00000000000000c6 000001e40000006f
0x0000004cca16de90:   0000000000000002 000000c60000006f
0x0000004cca16dea0:   000000008a40a088 000001e439f91594
0x0000004cca16deb0:   00000000a314d510 000000008a40a098
0x0000004cca16dec0:   0000000000000000 0000000000000000
0x0000004cca16ded0:   00009bd12cb0dec6 0000000000000000
0x0000004cca16dee0:   0000000046a20627 0000000046a20627
0x0000004cca16def0:   0000004cca16e008 0000004cca16e000
0x0000004cca16df00:   0000004cca16e004 000001e4311d7e88
0x0000004cca16df10:   0000004cca16df48 0000004cca16dfe0
0x0000004cca16df20:   0000004cca16df4c 0000004cca16df40
0x0000004cca16df30:   0000004cca16dfd8 0000004cca16de50
0x0000004cca16df40:   00000000063e0b88 00000000567ba400
0x0000004cca16df50:   0000000000000048 00007ff85509c9a9
0x0000004cca16df60:   0000ffa264becabd 0000000000000000
0x0000004cca16df70:   0000000000000002 0000000046a20627
0x0000004cca16df80:   000001e48f5b5b78 00000000063e0b88
0x0000004cca16df90:   0000000000000000 000000008568b800
0x0000004cca16dfa0:   0000000000000000 00007ff8370dc535
0x0000004cca16dfb0:   0000000000000000 0000000000000000
0x0000004cca16dfc0:   0000000000000000 0000000000000000
0x0000004cca16dfd0:   00000000063e0b88 0000000000000000
0x0000004cca16dfe0:   0000000000000001 0000000000000000 

Instructions: (pc=0x000001e44c8000d0)
0x000001e44c7fffd0:   ?? ?? ?? ?? ?? ?? ?? ?? ?? ?? ?? ?? ?? ?? ?? ??
0x000001e44c7fffe0:   ?? ?? ?? ?? ?? ?? ?? ?? ?? ?? ?? ?? ?? ?? ?? ??
0x000001e44c7ffff0:   ?? ?? ?? ?? ?? ?? ?? ?? ?? ?? ?? ?? ?? ?? ?? ??
0x000001e44c800000:   ?? ?? ?? ?? ?? ?? ?? ?? ?? ?? ?? ?? ?? ?? ?? ??
0x000001e44c800010:   ?? ?? ?? ?? ?? ?? ?? ?? ?? ?? ?? ?? ?? ?? ?? ??
0x000001e44c800020:   ?? ?? ?? ?? ?? ?? ?? ?? ?? ?? ?? ?? ?? ?? ?? ??
0x000001e44c800030:   ?? ?? ?? ?? ?? ?? ?? ?? ?? ?? ?? ?? ?? ?? ?? ??
0x000001e44c800040:   ?? ?? ?? ?? ?? ?? ?? ?? ?? ?? ?? ?? ?? ?? ?? ??
0x000001e44c800050:   ?? ?? ?? ?? ?? ?? ?? ?? ?? ?? ?? ?? ?? ?? ?? ??
0x000001e44c800060:   ?? ?? ?? ?? ?? ?? ?? ?? ?? ?? ?? ?? ?? ?? ?? ??
0x000001e44c800070:   ?? ?? ?? ?? ?? ?? ?? ?? ?? ?? ?? ?? ?? ?? ?? ??
0x000001e44c800080:   ?? ?? ?? ?? ?? ?? ?? ?? ?? ?? ?? ?? ?? ?? ?? ??
0x000001e44c800090:   ?? ?? ?? ?? ?? ?? ?? ?? ?? ?? ?? ?? ?? ?? ?? ??
0x000001e44c8000a0:   ?? ?? ?? ?? ?? ?? ?? ?? ?? ?? ?? ?? ?? ?? ?? ??
0x000001e44c8000b0:   ?? ?? ?? ?? ?? ?? ?? ?? ?? ?? ?? ?? ?? ?? ?? ??
0x000001e44c8000c0:   ?? ?? ?? ?? ?? ?? ?? ?? ?? ?? ?? ?? ?? ?? ?? ??
0x000001e44c8000d0:   ?? ?? ?? ?? ?? ?? ?? ?? ?? ?? ?? ?? ?? ?? ?? ??
0x000001e44c8000e0:   ?? ?? ?? ?? ?? ?? ?? ?? ?? ?? ?? ?? ?? ?? ?? ??
0x000001e44c8000f0:   ?? ?? ?? ?? ?? ?? ?? ?? ?? ?? ?? ?? ?? ?? ?? ??
0x000001e44c800100:   ?? ?? ?? ?? ?? ?? ?? ?? ?? ?? ?? ?? ?? ?? ?? ??
0x000001e44c800110:   ?? ?? ?? ?? ?? ?? ?? ?? ?? ?? ?? ?? ?? ?? ?? ??
0x000001e44c800120:   ?? ?? ?? ?? ?? ?? ?? ?? ?? ?? ?? ?? ?? ?? ?? ??
0x000001e44c800130:   ?? ?? ?? ?? ?? ?? ?? ?? ?? ?? ?? ?? ?? ?? ?? ??
0x000001e44c800140:   ?? ?? ?? ?? ?? ?? ?? ?? ?? ?? ?? ?? ?? ?? ?? ??
0x000001e44c800150:   ?? ?? ?? ?? ?? ?? ?? ?? ?? ?? ?? ?? ?? ?? ?? ??
0x000001e44c800160:   ?? ?? ?? ?? ?? ?? ?? ?? ?? ?? ?? ?? ?? ?? ?? ??
0x000001e44c800170:   ?? ?? ?? ?? ?? ?? ?? ?? ?? ?? ?? ?? ?? ?? ?? ??
0x000001e44c800180:   ?? ?? ?? ?? ?? ?? ?? ?? ?? ?? ?? ?? ?? ?? ?? ??
0x000001e44c800190:   ?? ?? ?? ?? ?? ?? ?? ?? ?? ?? ?? ?? ?? ?? ?? ??
0x000001e44c8001a0:   ?? ?? ?? ?? ?? ?? ?? ?? ?? ?? ?? ?? ?? ?? ?? ??
0x000001e44c8001b0:   ?? ?? ?? ?? ?? ?? ?? ?? ?? ?? ?? ?? ?? ?? ?? ??
0x000001e44c8001c0:   ?? ?? ?? ?? ?? ?? ?? ?? ?? ?? ?? ?? ?? ?? ?? ?? 


Stack slot to memory mapping:

stack at sp + 0 slots: 0x00000000063e0b88 is an unknown value
stack at sp + 1 slots: 0x000001e44c8000d0 is an unknown value
stack at sp + 2 slots: 0x00007ff8370d9e47 is an unknown value
stack at sp + 3 slots: 0x00000000063e0b88 is an unknown value
stack at sp + 4 slots: 0x0 is null
stack at sp + 5 slots: 0x0000004cca16de98 is pointing into the stack for thread: 0x000001e4311d7ad0
stack at sp + 6 slots: 0x0 is null
stack at sp + 7 slots: 0x000001e44c8000d0 is an unknown value


Compiled method (c2) 108671 19310       4       org.eclipse.swt.widgets.Display::runPopups (91 bytes)
 total in heap  [0x000001e43fa7fb10,0x000001e43fa80268] = 1880
 relocation     [0x000001e43fa7fc70,0x000001e43fa7fcd0] = 96
 main code      [0x000001e43fa7fce0,0x000001e43fa80008] = 808
 stub code      [0x000001e43fa80008,0x000001e43fa80050] = 72
 oops           [0x000001e43fa80050,0x000001e43fa80058] = 8
 metadata       [0x000001e43fa80058,0x000001e43fa80088] = 48
 scopes data    [0x000001e43fa80088,0x000001e43fa80148] = 192
 scopes pcs     [0x000001e43fa80148,0x000001e43fa801f8] = 176
 dependencies   [0x000001e43fa801f8,0x000001e43fa80208] = 16
 handler table  [0x000001e43fa80208,0x000001e43fa80250] = 72
 nul chk table  [0x000001e43fa80250,0x000001e43fa80268] = 24

[Constant Pool (empty)]

[MachCode]
[Entry Point]
  # {method} {0x000001e48f335540} 'runPopups' '()Z' in 'org/eclipse/swt/widgets/Display'
  #           [sp+0x60]  (sp of caller)
  0x000001e43fa7fce0: 448b 5208 | 49bb 0000 | 004d e401 | 0000 4d03 | d349 3bc2 

  0x000001e43fa7fcf4: ;   {runtime_call ic_miss_stub}
  0x000001e43fa7fcf4: 0f85 86ec | 9eff 6690 | 0f1f 4000 
[Verified Entry Point]
  0x000001e43fa7fd00: 8984 2400 | 80ff ff55 | 4883 ec50 | 4181 7f20 | 1d00 0000 | 0f85 de02 | 0000 488b | f244 8b92 
  0x000001e43fa7fd20: 8801 0000 | 33c0 4585 | d275 16c5 | f877 4883 

  0x000001e43fa7fd30: ;   {poll_return}
  0x000001e43fa7fd30: c450 5d49 | 3ba7 4804 | 0000 0f87 | a202 0000 | c341 bd01 | 0000 00eb | 110f 1f80 | 0000 0000 
  0x000001e43fa7fd50: b801 0000 | 0044 8b6c | 2428 458b | 420c 4585 | c00f 8681 | 0100 0049 | 8bca 498d | 5210 448b 
  0x000001e43fa7fd70: 3245 85f6 | 0f84 cb00 | 0000 418d | 78ff 443b | c70f 82a9 | 0100 0085 | ff0f 8ca1 | 0100 0049 
  0x000001e43fa7fd90: 63d8 4183 | f801 7420 | 498d 4a14 | 4c8d 43ff | c5f8 7749 | ba80 2945 | 3fe4 0100 | 0041 ffd2 
  0x000001e43fa7fdb0: ;   {other}
  0x000001e43fa7fdb0: 0f1f 8400 | 0000 0000 | 8bae 8801 | 0000 448b | 5d0c 413b | fb0f 8341 | 0100 0041 | 807f 4000 
  0x000001e43fa7fdd0: 0f85 ac00 | 0000 4489 | 7424 2c44 | 896c 2428 | 4889 7424 | 2044 8964 | 9d0c 488b | d648 8bee 
  0x000001e43fa7fdf0: ;   {optimized virtual_call}
  0x000001e43fa7fdf0: c5f8 77e8 

  0x000001e43fa7fdf4: ; ImmutableOopMap {rbp=Oop [32]=Oop [44]=NarrowOop }
                      ;*invokevirtual runDeferredEvents {reexecute=0 rethrow=0 return_oop=0}
                      ; - org.eclipse.swt.widgets.Display::runPopups@59 (line 4187)
  0x000001e43fa7fdf4: e895 8cf8 

  0x000001e43fa7fdf8: ;   {other}
  0x000001e43fa7fdf8: 0f1f 8400 | e802 0000 | 448b 5c24 | 2c4d 8bd3 | 498b ea49 | 8bd2 6690 

  0x000001e43fa7fe10: ;   {optimized virtual_call}
  0x000001e43fa7fe10: c5f8 77e8 

  0x000001e43fa7fe14: ; ImmutableOopMap {rbp=Oop [32]=Oop [44]=NarrowOop }
                      ;*invokevirtual isDisposed {reexecute=0 rethrow=0 return_oop=0}
                      ; - org.eclipse.swt.widgets.Display::runPopups@64 (line 4188)
  0x000001e43fa7fe14: 2860 3600 

  0x000001e43fa7fe18: ;   {other}
  0x000001e43fa7fe18: 0f1f 8400 | 0803 0001 | 85c0 743c | 4d8b 8750 | 0400 0048 | 8b74 2420 | 448b 9688 

  0x000001e43fa7fe34: ; ImmutableOopMap {r10=NarrowOop rsi=Oop }
                      ;*ifnonnull {reexecute=1 rethrow=0 return_oop=0}
                      ; - (reexecute) org.eclipse.swt.widgets.Display::runPopups@81 (line 4181)
                      ;   {poll}
  0x000001e43fa7fe34: 0100 0041 | 8500 4585 | d20f 850d | ffff ffeb | 0489 4424 | 2841 807f | 4000 7566 | 4489 a688 
  0x000001e43fa7fe54: 0100 008b | 4424 28e9 | cbfe ffff | 488b d544 | 8b44 2428 | 488b 6c24 | 2066 6690 

  0x000001e43fa7fe70: ;   {optimized virtual_call}
  0x000001e43fa7fe70: c5f8 77e8 

  0x000001e43fa7fe74: ; ImmutableOopMap {rbp=Oop [32]=Oop }
                      ;*invokevirtual _setVisible {reexecute=0 rethrow=0 return_oop=0}
                      ; - org.eclipse.swt.widgets.Display::runPopups@72 (line 4188)
  0x000001e43fa7fe74: ae01 0000 

  0x000001e43fa7fe78: ;   {other}
  0x000001e43fa7fe78: 0f1f 8400 | 6803 0003 | eba2 448b | 549d 0c45 | 85d2 0f84 | 46ff ffff | 4d8b 5f28 | 498b ca4d 
  0x000001e43fa7fe98: 85db 0f84 | b800 0000 | 4d8b 5738 | 4b89 4c1a | f849 83c3 | f84d 895f | 28e9 20ff | ffff 448b 
  0x000001e43fa7feb8: 9688 0100 | 0045 85d2 | 748e 4d8b | 5f28 498b | ca4d 85db | 0f84 a600 | 0000 4d8b | 5738 4b89 
  0x000001e43fa7fed8: 4c1a f849 | 83c3 f84d | 895f 28e9 | 68ff ffff | bae4 ffff | ff48 8bee | 8944 2420 | 4489 5424 
  0x000001e43fa7fef8: 2466 6690 

  0x000001e43fa7fefc: ;   {runtime_call UncommonTrapBlob}
  0x000001e43fa7fefc: c5f8 77e8 

  0x000001e43fa7ff00: ; ImmutableOopMap {rbp=Oop [36]=NarrowOop }
                      ;*aaload {reexecute=0 rethrow=0 return_oop=0}
                      ; - org.eclipse.swt.widgets.Display::runPopups@19 (line 4182)
  0x000001e43fa7ff00: fc7d 9fff 

  0x000001e43fa7ff04: ;   {other}
  0x000001e43fa7ff04: 0f1f 8400 | f403 0004 | bae4 ffff | ff48 8974 | 2420 4489 | 7424 2889 | 7c24 2c90 

  0x000001e43fa7ff20: ;   {runtime_call UncommonTrapBlob}
  0x000001e43fa7ff20: c5f8 77e8 

  0x000001e43fa7ff24: ; ImmutableOopMap {rbp=NarrowOop [32]=Oop [40]=NarrowOop }
                      ;*aastore {reexecute=1 rethrow=0 return_oop=0}
                      ; - (reexecute) org.eclipse.swt.widgets.Display::runPopups@57 (line 4186)
  0x000001e43fa7ff24: d87d 9fff 

  0x000001e43fa7ff28: ;   {other}
  0x000001e43fa7ff28: 0f1f 8400 | 1804 0005 | bacc ffff | ff48 8bee | 4489 5424 | 2444 8974 | 2428 897c | 2430 6690 
  0x000001e43fa7ff48: ;   {runtime_call UncommonTrapBlob}
  0x000001e43fa7ff48: c5f8 77e8 

  0x000001e43fa7ff4c: ; ImmutableOopMap {rbp=Oop [36]=NarrowOop [40]=NarrowOop }
                      ;*invokestatic arraycopy {reexecute=0 rethrow=0 return_oop=0}
                      ; - org.eclipse.swt.widgets.Display::runPopups@48 (line 4185)
  0x000001e43fa7ff4c: b07d 9fff 

  0x000001e43fa7ff50: ;   {other}
  0x000001e43fa7ff50: 0f1f 8400 | 4004 0006 | 498b d7c5 | f877 49ba | c014 6a86 | ff7f 0000 

  0x000001e43fa7ff68: ;   {other}
  0x000001e43fa7ff68: 41ff d20f | 1f84 0000 | 0000 00e9 | 5efe ffff | 498b d7c5 | f877 49ba | c014 6a86 | ff7f 0000 
  0x000001e43fa7ff88: ;   {other}
  0x000001e43fa7ff88: 41ff d20f | 1f84 0000 | 0000 00e9 | b8fe ffff | baf6 ffff | ff66 6690 

  0x000001e43fa7ffa0: ;   {runtime_call UncommonTrapBlob}
  0x000001e43fa7ffa0: c5f8 77e8 

  0x000001e43fa7ffa4: ; ImmutableOopMap {}
                      ;*aaload {reexecute=0 rethrow=0 return_oop=0}
                      ; - org.eclipse.swt.widgets.Display::runPopups@19 (line 4182)
  0x000001e43fa7ffa4: 587d 9fff 

  0x000001e43fa7ffa8: ;   {other}
  0x000001e43fa7ffa8: 0f1f 8400 | 9804 0007 | baf6 ffff | ff8b ef90 

  0x000001e43fa7ffb8: ;   {runtime_call UncommonTrapBlob}
  0x000001e43fa7ffb8: c5f8 77e8 

  0x000001e43fa7ffbc: ; ImmutableOopMap {}
                      ;*aastore {reexecute=1 rethrow=0 return_oop=0}
                      ; - (reexecute) org.eclipse.swt.widgets.Display::runPopups@57 (line 4186)
  0x000001e43fa7ffbc: 407d 9fff 

  0x000001e43fa7ffc0: ;   {other}
  0x000001e43fa7ffc0: 0f1f 8400 | b004 0008 | 488b d0eb | 0848 8bd0 | eb03 488b | d0c5 f877 | 4883 c450 

  0x000001e43fa7ffdc: ;   {runtime_call _rethrow_Java}
  0x000001e43fa7ffdc: 5de9 9e4b 

  0x000001e43fa7ffe0: ;   {internal_word}
  0x000001e43fa7ffe0: adff 49ba | 33fd a73f | e401 0000 | 4d89 9760 

  0x000001e43fa7fff0: ;   {runtime_call SafepointBlob}
  0x000001e43fa7fff0: 0400 00e9 | 886b 9fff 

  0x000001e43fa7fff8: ;   {runtime_call StubRoutines (final stubs)}
  0x000001e43fa7fff8: e8c3 5c9d | ffe9 18fd | ffff f4f4 | f4f4 f4f4 
[Stub Code]
  0x000001e43fa80008: ;   {no_reloc}
  0x000001e43fa80008: 48bb 0000 | 0000 0000 

  0x000001e43fa80010: ;   {runtime_call nmethod}
  0x000001e43fa80010: 0000 e9fb 

  0x000001e43fa80014: ;   {static_stub}
  0x000001e43fa80014: ffff ff48 | bb00 0000 | 0000 0000 

  0x000001e43fa80020: ;   {runtime_call nmethod}
  0x000001e43fa80020: 00e9 fbff 

  0x000001e43fa80024: ;   {static_stub}
  0x000001e43fa80024: ffff 48bb | f8a9 658f | e401 0000 

  0x000001e43fa80030: ;   {runtime_call I2C/C2I adapters}
  0x000001e43fa80030: e952 499f 

  0x000001e43fa80034: ;   {runtime_call ExceptionBlob}
  0x000001e43fa80034: ffe9 c60b | adff e800 | 0000 0048 | 832c 2405 

  0x000001e43fa80044: ;   {runtime_call DeoptimizationBlob}
  0x000001e43fa80044: e9d7 7f9f | fff4 f4f4 | f4f4 f4f4 
[/MachCode]


Compiled method (c1) 108676 19943       3       org.eclipse.swt.widgets.Display::readAndDispatch (94 bytes)
 total in heap  [0x000001e438900510,0x000001e438901008] = 2808
 relocation     [0x000001e438900670,0x000001e438900778] = 264
 main code      [0x000001e438900780,0x000001e438900d68] = 1512
 stub code      [0x000001e438900d68,0x000001e438900e50] = 232
 oops           [0x000001e438900e50,0x000001e438900e58] = 8
 metadata       [0x000001e438900e58,0x000001e438900e80] = 40
 scopes data    [0x000001e438900e80,0x000001e438900ef0] = 112
 scopes pcs     [0x000001e438900ef0,0x000001e438900ff0] = 256
 dependencies   [0x000001e438900ff0,0x000001e438900ff8] = 8
 nul chk table  [0x000001e438900ff8,0x000001e438901008] = 16

[Constant Pool (empty)]

[MachCode]
[Entry Point]
  # {method} {0x000001e48f333bc0} 'readAndDispatch' '()Z' in 'org/eclipse/swt/widgets/Display'
  #           [sp+0x70]  (sp of caller)
  0x000001e438900780: 448b 5208 | 49bb 0000 | 004d e401 | 0000 4d03 | d34c 3bd0 

  0x000001e438900794: ;   {runtime_call ic_miss_stub}
  0x000001e438900794: 0f85 e6e1 | b606 660f | 1f44 0000 
[Verified Entry Point]
  0x000001e4389007a0: 8984 2400 | 80ff ff55 | 4883 ec60 | 4181 7f20 | 1d00 0000 

  0x000001e4389007b4: ;   {runtime_call StubRoutines (final stubs)}
  0x000001e4389007b4: 7405 e805 | 55b5 0648 | 8954 2450 

  0x000001e4389007c0: ;   {metadata(method data for {method} {0x000001e48f333bc0} 'readAndDispatch' '()Z' in 'org/eclipse/swt/widgets/Display')}
  0x000001e4389007c0: 48be 30f5 | e59d e401 | 0000 8bbe | cc00 0000 | 83c7 0289 | becc 0000 | 0081 e7fe | 0700 0085 
  0x000001e4389007e0: ff0f 84ad | 0400 0048 

  0x000001e4389007e8: ;   {metadata(method data for {method} {0x000001e48f333bc0} 'readAndDispatch' '()Z' in 'org/eclipse/swt/widgets/Display')}
  0x000001e4389007e8: 8bf2 48bf | 30f5 e59d | e401 0000 | 4883 8728 | 0100 0001 | 488b f248 | 8bd6 0f1f 

  0x000001e438900804: ;   {optimized virtual_call}
  0x000001e438900804: 4400 00e8 

  0x000001e438900808: ; ImmutableOopMap {[80]=Oop }
                      ;*invokevirtual checkDevice {reexecute=0 rethrow=0 return_oop=0}
                      ; - org.eclipse.swt.widgets.Display::readAndDispatch@1 (line 3724)
  0x000001e438900808: 3499 ea07 

  0x000001e43890080c: ;   {other}
  0x000001e43890080c: 0f1f 8400 | fc02 0000 

  0x000001e438900814: ;   {oop(a 'java/lang/Class'{0x0000000086daf6b0} = 'org/eclipse/swt/widgets/Display')}
  0x000001e438900814: 48ba b0f6 | da86 0000 | 0000 410f | be77 4085 | f60f 858a | 0400 00c7 | 8284 0000 | 0000 0000 
  0x000001e438900834: 0048 8b54 

  0x000001e438900838: ;   {metadata(method data for {method} {0x000001e48f333bc0} 'readAndDispatch' '()Z' in 'org/eclipse/swt/widgets/Display')}
  0x000001e438900838: 2450 48be | 30f5 e59d | e401 0000 | 4883 8660 | 0100 0001 | 488b 5424 | 5066 0f1f 

  0x000001e438900854: ;   {optimized virtual_call}
  0x000001e438900854: 4400 00e8 

  0x000001e438900858: ; ImmutableOopMap {[80]=Oop }
                      ;*invokevirtual drawMenuBars {reexecute=0 rethrow=0 return_oop=0}
                      ; - org.eclipse.swt.widgets.Display::readAndDispatch@9 (line 3726)
  0x000001e438900858: 846b df07 

  0x000001e43890085c: ;   {other}
  0x000001e43890085c: 0f1f 8400 | 4c03 0001 | 488b 5424 

  0x000001e438900868: ;   {metadata(method data for {method} {0x000001e48f333bc0} 'readAndDispatch' '()Z' in 'org/eclipse/swt/widgets/Display')}
  0x000001e438900868: 5048 be30 | f5e5 9de4 | 0100 0048 | 8386 9801 | 0000 0148 | 8b54 2450 | 0f1f 8000 

  0x000001e438900884: ;   {optimized virtual_call}
  0x000001e438900884: 0000 00e8 

  0x000001e438900888: ; ImmutableOopMap {[80]=Oop }
                      ;*invokevirtual runSkin {reexecute=0 rethrow=0 return_oop=0}
                      ; - org.eclipse.swt.widgets.Display::readAndDispatch@13 (line 3727)
  0x000001e438900888: 74a8 ba07 

  0x000001e43890088c: ;   {other}
  0x000001e43890088c: 0f1f 8400 | 7c03 0002 | 488b 5424 

  0x000001e438900898: ;   {metadata(method data for {method} {0x000001e48f333bc0} 'readAndDispatch' '()Z' in 'org/eclipse/swt/widgets/Display')}
  0x000001e438900898: 5048 be30 | f5e5 9de4 | 0100 0048 | 8386 d001 | 0000 0148 | 8b54 2450 | 0f1f 8000 

  0x000001e4389008b4: ;   {optimized virtual_call}
  0x000001e4389008b4: 0000 00e8 

  0x000001e4389008b8: ; ImmutableOopMap {[80]=Oop }
                      ;*invokevirtual runDeferredLayouts {reexecute=0 rethrow=0 return_oop=0}
                      ; - org.eclipse.swt.widgets.Display::readAndDispatch@18 (line 3728)
  0x000001e4389008b8: c40d 5b00 

  0x000001e4389008bc: ;   {other}
  0x000001e4389008bc: 0f1f 8400 | ac03 0003 | 488b 5424 

  0x000001e4389008c8: ;   {metadata(method data for {method} {0x000001e48f333bc0} 'readAndDispatch' '()Z' in 'org/eclipse/swt/widgets/Display')}
  0x000001e4389008c8: 5048 be30 | f5e5 9de4 | 0100 0048 | 8386 0802 | 0000 0148 | 8b54 2450 | 0f1f 8000 

  0x000001e4389008e4: ;   {optimized virtual_call}
  0x000001e4389008e4: 0000 00e8 

  0x000001e4389008e8: ; ImmutableOopMap {[80]=Oop }
                      ;*invokevirtual runPopups {reexecute=0 rethrow=0 return_oop=0}
                      ; - org.eclipse.swt.widgets.Display::readAndDispatch@23 (line 3729)
  0x000001e4389008e8: 14f4 1707 

  0x000001e4389008ec: ;   {other}
  0x000001e4389008ec: 0f1f 8400 | dc03 0004 | 488b 5424 | 5044 8b82 | 4801 0000 

  0x000001e438900900: ;   {metadata(method data for {method} {0x000001e48f333bc0} 'readAndDispatch' '()Z' in 'org/eclipse/swt/widgets/Display')}
  0x000001e438900900: 49b9 30f5 | e59d e401 | 0000 4983 | 8128 0200 | 0001 498b | d049 c7c0 | 0000 0000 | 41b9 0000 
  0x000001e438900920: 0000 bf00 | 0000 00be | 0100 0000 

  0x000001e43890092c: ;   {static_call}
  0x000001e43890092c: 6666 90e8 

  0x000001e438900930: ; ImmutableOopMap {[80]=Oop }
                      ;*invokestatic PeekMessage {reexecute=0 rethrow=0 return_oop=0}
                      ; - org.eclipse.swt.widgets.Display::readAndDispatch@35 (line 3730)
  0x000001e438900930: 2cdd 2d07 

  0x000001e438900934: ;   {other}
  0x000001e438900934: 0f1f 8400 | 2404 0005 

  0x000001e43890093c: ;   {metadata(method data for {method} {0x000001e48f333bc0} 'readAndDispatch' '()Z' in 'org/eclipse/swt/widgets/Display')}
  0x000001e43890093c: 85c0 49b8 | 30f5 e59d | e401 0000 | 48c7 c238 | 0200 0074 | 0748 c7c2 | 4802 0000 | 498b 3410 
  0x000001e43890095c: 488d 7601 | 4989 3410 | 488b 5424 | 500f 8468 | 0000 0044 | 8b82 4801 | 0000 488b 

  0x000001e438900978: ;   {metadata(method data for {method} {0x000001e48f333bc0} 'readAndDispatch' '()Z' in 'org/eclipse/swt/widgets/Display')}
  0x000001e438900978: f248 bf30 | f5e5 9de4 | 0100 0048 | 8387 7002 | 0000 0148 | 8bf2 488b | d666 0f1f 

  0x000001e438900994: ;   {optimized virtual_call}
  0x000001e438900994: 4400 00e8 

  0x000001e438900998: ; ImmutableOopMap {[80]=Oop }
                      ;*invokevirtual filterMessage {reexecute=0 rethrow=0 return_oop=0}
                      ; - org.eclipse.swt.widgets.Display::readAndDispatch@46 (line 3731)
  0x000001e438900998: a499 a4ff 

  0x000001e43890099c: ;   {other}
  0x000001e43890099c: 0f1f 8400 | 8c04 0006 

  0x000001e4389009a4: ;   {metadata(method data for {method} {0x000001e48f333bc0} 'readAndDispatch' '()Z' in 'org/eclipse/swt/widgets/Display')}
  0x000001e4389009a4: 85c0 49b8 | 30f5 e59d | e401 0000 | 48c7 c290 | 0200 0075 | 0748 c7c2 | a002 0000 | 498b 3410 
  0x000001e4389009c4: 488d 7601 | 4989 3410 | 0f85 8202 | 0000 e91e | 0200 004c 

  0x000001e4389009d8: ;   {metadata(method data for {method} {0x000001e48f333bc0} 'readAndDispatch' '()Z' in 'org/eclipse/swt/widgets/Display')}
  0x000001e4389009d8: 8bc2 48be | 30f5 e59d | e401 0000 | 458b 4008 | 49ba 0000 | 004d e401 | 0000 4d03 | c24c 3b86 
  0x000001e4389009f8: 1803 0000 | 750d 4883 | 8620 0300 | 0001 e960 | 0000 004c | 3b86 2803 | 0000 750d | 4883 8630 
  0x000001e438900a18: 0300 0001 | e94a 0000 | 0048 83be | 1803 0000 | 0075 174c | 8986 1803 | 0000 48c7 | 8620 0300 
  0x000001e438900a38: 0001 0000 | 00e9 2900 | 0000 4883 | be28 0300 | 0000 7517 | 4c89 8628 | 0300 0048 | c786 3003 
  0x000001e438900a58: 0000 0100 | 0000 e908 | 0000 0048 | 8386 0803 | 0000 0144 | 0fbe 421a | 4183 e001 

  0x000001e438900a74: ;   {metadata(method data for {method} {0x000001e48f333bc0} 'readAndDispatch' '()Z' in 'org/eclipse/swt/widgets/Display')}
  0x000001e438900a74: 4585 c049 | b830 f5e5 | 9de4 0100 | 0048 c7c6 | 4003 0000 | 7507 48c7 | c650 0300 | 0049 8b3c 
  0x000001e438900a94: 3048 8d7f | 0149 893c | 300f 8522 | 0100 004c 

  0x000001e438900aa4: ;   {metadata(method data for {method} {0x000001e48f333bc0} 'readAndDispatch' '()Z' in 'org/eclipse/swt/widgets/Display')}
  0x000001e438900aa4: 8bc2 48be | 30f5 e59d | e401 0000 | 4883 8678 | 0300 0001 

  0x000001e438900ab8: ;   {metadata(method data for {method} {0x000001e48f335140} 'runAsyncMessages' '(Z)Z' in 'org/eclipse/swt/widgets/Display')}
  0x000001e438900ab8: 49b8 50fe | e59d e401 | 0000 418b | b0cc 0000 | 0083 c602 | 4189 b0cc | 0000 0081 | e6fe ff1f 
  0x000001e438900ad8: 0085 f60f | 84f2 0100 | 008b 92a4 | 0100 0048 | 3b02 4c8b 

  0x000001e438900aec: ;   {metadata(method data for {method} {0x000001e48f335140} 'runAsyncMessages' '(Z)Z' in 'org/eclipse/swt/widgets/Display')}
  0x000001e438900aec: c248 be50 | fee5 9de4 | 0100 0045 | 8b40 0849 | ba00 0000 | 4de4 0100 | 004d 03c2 | 4c3b 8620 
  0x000001e438900b0c: 0100 0075 | 0d48 8386 | 2801 0000 | 01e9 6000 | 0000 4c3b | 8630 0100 | 0075 0d48 | 8386 3801 
  0x000001e438900b2c: 0000 01e9 | 4a00 0000 | 4883 be20 | 0100 0000 | 7517 4c89 | 8620 0100 | 0048 c786 | 2801 0000 
  0x000001e438900b4c: 0100 0000 | e929 0000 | 0048 83be | 3001 0000 | 0075 174c | 8986 3001 | 0000 48c7 | 8638 0100 
  0x000001e438900b6c: 0001 0000 | 00e9 0800 | 0000 4883 | 8610 0100 | 0001 41b8 | 0000 0000 

  0x000001e438900b84: ;   {optimized virtual_call}
  0x000001e438900b84: 6666 90e8 

  0x000001e438900b88: ; ImmutableOopMap {}
                      ;*invokevirtual runAsyncMessages {reexecute=0 rethrow=0 return_oop=0}
                      ; - org.eclipse.swt.widgets.Display::runAsyncMessages@5 (line 4122)
                      ; - org.eclipse.swt.widgets.Display::readAndDispatch@84 (line 3738)
  0x000001e438900b88: 14ba eb07 

  0x000001e438900b8c: ;   {other}
  0x000001e438900b8c: 0f1f 8400 | 7c06 0007 | 83e0 0185 

  0x000001e438900b98: ;   {metadata(method data for {method} {0x000001e48f333bc0} 'readAndDispatch' '()Z' in 'org/eclipse/swt/widgets/Display')}
  0x000001e438900b98: c048 b830 | f5e5 9de4 | 0100 0048 | c7c2 a803 | 0000 7407 | 48c7 c298 | 0300 0048 | 8b34 1048 
  0x000001e438900bb8: 8d76 0148 | 8934 100f | 8418 0000 | 00b8 0100 | 0000 4883 

  0x000001e438900bcc: ;   {poll_return}
  0x000001e438900bcc: c460 5d49 | 3ba7 4804 | 0000 0f87 | 1d01 0000 | c3b8 0000 | 0000 4883 

  0x000001e438900be4: ;   {poll_return}
  0x000001e438900be4: c460 5d49 | 3ba7 4804 | 0000 0f87 | 1b01 0000 | c348 8b54 | 2450 8bb2 | 4801 0000 

  0x000001e438900c00: ;   {metadata(method data for {method} {0x000001e48f333bc0} 'readAndDispatch' '()Z' in 'org/eclipse/swt/widgets/Display')}
  0x000001e438900c00: 48bf 30f5 | e59d e401 | 0000 4883 | 87b0 0200 | 0001 488b 

  0x000001e438900c14: ;   {static_call}
  0x000001e438900c14: d666 90e8 

  0x000001e438900c18: ; ImmutableOopMap {[80]=Oop }
                      ;*invokestatic TranslateMessage {reexecute=0 rethrow=0 return_oop=0}
                      ; - org.eclipse.swt.widgets.Display::readAndDispatch@56 (line 3732)
  0x000001e438900c18: 44c7 2d07 

  0x000001e438900c1c: ;   {other}
  0x000001e438900c1c: 0f1f 8400 | 0c07 0008 | 488b 5424 | 508b b248 

  0x000001e438900c2c: ;   {metadata(method data for {method} {0x000001e48f333bc0} 'readAndDispatch' '()Z' in 'org/eclipse/swt/widgets/Display')}
  0x000001e438900c2c: 0100 0048 | bf30 f5e5 | 9de4 0100 | 0048 8387 | c002 0000 | 0148 8bd6 

  0x000001e438900c44: ;   {static_call}
  0x000001e438900c44: 6666 90e8 

  0x000001e438900c48: ; ImmutableOopMap {[80]=Oop }
                      ;*invokestatic DispatchMessage {reexecute=0 rethrow=0 return_oop=0}
                      ; - org.eclipse.swt.widgets.Display::readAndDispatch@64 (line 3733)
  0x000001e438900c48: 94b3 2807 

  0x000001e438900c4c: ;   {other}
  0x000001e438900c4c: 0f1f 8400 | 3c07 0009 | 488b 5424 | 5048 8bf2 

  0x000001e438900c5c: ;   {metadata(method data for {method} {0x000001e48f333bc0} 'readAndDispatch' '()Z' in 'org/eclipse/swt/widgets/Display')}
  0x000001e438900c5c: 48bf 30f5 | e59d e401 | 0000 4883 | 87e8 0200 

  0x000001e438900c6c: ;   {optimized virtual_call}
  0x000001e438900c6c: 0001 90e8 

  0x000001e438900c70: ; ImmutableOopMap {}
                      ;*invokevirtual runDeferredEvents {reexecute=0 rethrow=0 return_oop=0}
                      ; - org.eclipse.swt.widgets.Display::readAndDispatch@69 (line 3735)
  0x000001e438900c70: 6c87 a4ff 

  0x000001e438900c74: ;   {other}
  0x000001e438900c74: 0f1f 8400 | 6407 000a | b801 0000 | 0048 83c4 

  0x000001e438900c84: ;   {poll_return}
  0x000001e438900c84: 605d 493b | a748 0400 | 000f 8792 | 0000 00c3 

  0x000001e438900c94: ;   {metadata({method} {0x000001e48f333bc0} 'readAndDispatch' '()Z' in 'org/eclipse/swt/widgets/Display')}
  0x000001e438900c94: 49ba b83b | 338f e401 | 0000 4c89 | 5424 0848 | c704 24ff 

  0x000001e438900ca8: ;   {runtime_call counter_overflow Runtime1 stub}
  0x000001e438900ca8: ffff ffe8 

  0x000001e438900cac: ; ImmutableOopMap {rdx=Oop [80]=Oop }
                      ;*synchronization entry
                      ; - org.eclipse.swt.widgets.Display::readAndDispatch@-1 (line 3724)
  0x000001e438900cac: d0d6 c406 | e932 fbff | ff8b b284 | 0000 0048 | 83fe 000f | 8466 fbff | ff48 8934 

  0x000001e438900cc8: ;   {runtime_call g1_pre_barrier_slow}
  0x000001e438900cc8: 24e8 b2dd | c406 e958 

  0x000001e438900cd0: ;   {metadata({method} {0x000001e48f335140} 'runAsyncMessages' '(Z)Z' in 'org/eclipse/swt/widgets/Display')}
  0x000001e438900cd0: fbff ff49 | ba38 5133 | 8fe4 0100 | 004c 8954 | 2408 48c7 | 0424 ffff 

  0x000001e438900ce8: ;   {runtime_call counter_overflow Runtime1 stub}
  0x000001e438900ce8: ffff e891 

  0x000001e438900cec: ; ImmutableOopMap {rdx=Oop [80]=Oop }
                      ;*synchronization entry
                      ; - org.eclipse.swt.widgets.Display::runAsyncMessages@-1 (line 4122)
                      ; - org.eclipse.swt.widgets.Display::readAndDispatch@84 (line 3738)
  0x000001e438900cec: d6c4 06e9 | edfd ffff 

  0x000001e438900cf4: ;   {runtime_call throw_null_pointer_exception Runtime1 stub}
  0x000001e438900cf4: e8a7 5cc4 

  0x000001e438900cf8: ; ImmutableOopMap {rdx=Oop }
                      ;*invokevirtual runAsyncMessages {reexecute=0 rethrow=0 return_oop=0}
                      ; - org.eclipse.swt.widgets.Display::runAsyncMessages@5 (line 4122)
                      ; - org.eclipse.swt.widgets.Display::readAndDispatch@84 (line 3738)
                      ;   {internal_word}
  0x000001e438900cf8: 0649 bacf | 0b90 38e4 | 0100 004d | 8997 6004 

  0x000001e438900d08: ;   {runtime_call SafepointBlob}
  0x000001e438900d08: 0000 e971 

  0x000001e438900d0c: ;   {internal_word}
  0x000001e438900d0c: 5eb7 0649 | bae7 0b90 | 38e4 0100 | 004d 8997 | 6004 0000 

  0x000001e438900d20: ;   {runtime_call SafepointBlob}
  0x000001e438900d20: e95b 5eb7 

  0x000001e438900d24: ;   {internal_word}
  0x000001e438900d24: 0649 ba86 | 0c90 38e4 | 0100 004d | 8997 6004 

  0x000001e438900d34: ;   {runtime_call SafepointBlob}
  0x000001e438900d34: 0000 e945 | 5eb7 0649 | 8b87 f804 | 0000 49c7 | 87f8 0400 | 0000 0000 | 0049 c787 | 0005 0000 
  0x000001e438900d54: 0000 0000 | 4883 c460 

  0x000001e438900d5c: ;   {runtime_call unwind_exception Runtime1 stub}
  0x000001e438900d5c: 5de9 1e4d | c406 f4f4 | f4f4 f4f4 
[Stub Code]
  0x000001e438900d68: ;   {no_reloc}
  0x000001e438900d68: 0f1f 4400 

  0x000001e438900d6c: ;   {static_stub}
  0x000001e438900d6c: 0048 bb70 | 9132 8fe4 

  0x000001e438900d74: ;   {runtime_call I2C/C2I adapters}
  0x000001e438900d74: 0100 00e9 | 0731 b706 

  0x000001e438900d7c: ;   {static_stub}
  0x000001e438900d7c: 9048 bb00 | 0000 0000 

  0x000001e438900d84: ;   {runtime_call nmethod}
  0x000001e438900d84: 0000 00e9 | fbff ffff 

  0x000001e438900d8c: ;   {static_stub}
  0x000001e438900d8c: 9048 bb00 | 0000 0000 

  0x000001e438900d94: ;   {runtime_call nmethod}
  0x000001e438900d94: 0000 00e9 | fbff ffff 

  0x000001e438900d9c: ;   {static_stub}
  0x000001e438900d9c: 9048 bbe8 | 5333 8fe4 

  0x000001e438900da4: ;   {runtime_call I2C/C2I adapters}
  0x000001e438900da4: 0100 00e9 | d730 b706 

  0x000001e438900dac: ;   {static_stub}
  0x000001e438900dac: 9048 bb00 | 0000 0000 

  0x000001e438900db4: ;   {runtime_call nmethod}
  0x000001e438900db4: 0000 00e9 | fbff ffff 

  0x000001e438900dbc: ;   {static_stub}
  0x000001e438900dbc: 9048 bb00 | 0000 0000 

  0x000001e438900dc4: ;   {runtime_call nmethod}
  0x000001e438900dc4: 0000 00e9 | fbff ffff 

  0x000001e438900dcc: ;   {static_stub}
  0x000001e438900dcc: 9048 bb08 | e32d 8fe4 

  0x000001e438900dd4: ;   {runtime_call I2C/C2I adapters}
  0x000001e438900dd4: 0100 00e9 | ab3b b706 

  0x000001e438900ddc: ;   {static_stub}
  0x000001e438900ddc: 9048 bb00 | 0000 0000 

  0x000001e438900de4: ;   {runtime_call nmethod}
  0x000001e438900de4: 0000 00e9 | fbff ffff 

  0x000001e438900dec: ;   {static_stub}
  0x000001e438900dec: 48bb 0000 | 0000 0000 

  0x000001e438900df4: ;   {runtime_call nmethod}
  0x000001e438900df4: 0000 e9fb 

  0x000001e438900df8: ;   {static_stub}
  0x000001e438900df8: ffff ff48 | bb00 0000 | 0000 0000 

  0x000001e438900e04: ;   {runtime_call nmethod}
  0x000001e438900e04: 00e9 fbff 

  0x000001e438900e08: ;   {static_stub}
  0x000001e438900e08: ffff 48bb | 0000 0000 | 0000 0000 

  0x000001e438900e14: ;   {runtime_call nmethod}
  0x000001e438900e14: e9fb ffff 

  0x000001e438900e18: ;   {runtime_call handle_exception_from_callee Runtime1 stub}
  0x000001e438900e18: ffe8 e292 

  0x000001e438900e1c: ;   {external_word}
  0x000001e438900e1c: c406 48b9 | 907f d786 | ff7f 0000 | 4883 e4f0 

  0x000001e438900e2c: ;   {runtime_call}
  0x000001e438900e2c: 48b8 e044 | 9a86 ff7f | 0000 ffd0 

  0x000001e438900e38: ;   {section_word}
  0x000001e438900e38: f449 ba39 | 0e90 38e4 | 0100 0041 

  0x000001e438900e44: ;   {runtime_call DeoptimizationBlob}
  0x000001e438900e44: 52e9 d671 | b706 f4f4 | f4f4 f4f4 
[/MachCode]


Compiled method (c1) 108688  554       3       java.lang.invoke.DirectMethodHandle$Holder::invokeStatic (15 bytes)
 total in heap  [0x000001e437fb4390,0x000001e437fb4aa8] = 1816
 relocation     [0x000001e437fb44f0,0x000001e437fb4550] = 96
 main code      [0x000001e437fb4560,0x000001e437fb4968] = 1032
 stub code      [0x000001e437fb4968,0x000001e437fb49c0] = 88
 metadata       [0x000001e437fb49c0,0x000001e437fb49d0] = 16
 scopes data    [0x000001e437fb49d0,0x000001e437fb4a20] = 80
 scopes pcs     [0x000001e437fb4a20,0x000001e437fb4a90] = 112
 dependencies   [0x000001e437fb4a90,0x000001e437fb4a98] = 8
 nul chk table  [0x000001e437fb4a98,0x000001e437fb4aa8] = 16

[Constant Pool (empty)]

[MachCode]
[Verified Entry Point]
  # {method} {0x000001e44d0b4420} 'invokeStatic' '(Ljava/lang/Object;Ljava/lang/Object;Ljava/lang/Object;)Ljava/lang/Object;' in 'java/lang/invoke/DirectMethodHandle$Holder'
  # parm0:    rdx:rdx   = 'java/lang/Object'
  # parm1:    r8:r8     = 'java/lang/Object'
  # parm2:    r9:r9     = 'java/lang/Object'
  #           [sp+0x50]  (sp of caller)
  0x000001e437fb4560: e91b 3147 | 07ff ff55 | 4883 ec40 | 4181 7f20 | 1c00 0000 

  0x000001e437fb4574: ;   {runtime_call StubRoutines (final stubs)}
  0x000001e437fb4574: 7405 e845 

  0x000001e437fb4578: ;   {metadata(method data for {method} {0x000001e44d0b4420} 'invokeStatic' '(Ljava/lang/Object;Ljava/lang/Object;Ljava/lang/Object;)Ljava/lang/Object;' in 'java/lang/invoke/DirectMethodHandle$Holder')}
  0x000001e437fb4578: 174a 0748 | be40 9622 | 8ee4 0100 | 0048 8db6 | 2002 0000 | 4885 d275 | 0cf6 0601 | 7530 f048 
  0x000001e437fb4598: 830e 01eb | 298b 7a08 | 49ba 0000 | 004d e401 | 0000 4903 | fa4c 8bd7 | 4833 3e48 | f7c7 fcff 
  0x000001e437fb45b8: ffff 740a | 40f6 c702 | 7504 4883 | 0e02 4d85 | c075 0ef6 | 4610 0175 | 34f0 4883 | 4e10 01eb 
  0x000001e437fb45d8: 2c41 8b78 | 0849 ba00 | 0000 4de4 | 0100 0049 | 03fa 4c8b | d748 337e | 1048 f7c7 | fcff ffff 
  0x000001e437fb45f8: 740b 40f6 | c702 7505 | 4883 4e10 

  0x000001e437fb4604: ;   {metadata(method data for {method} {0x000001e44d0b4420} 'invokeStatic' '(Ljava/lang/Object;Ljava/lang/Object;Ljava/lang/Object;)Ljava/lang/Object;' in 'java/lang/invoke/DirectMethodHandle$Holder')}
  0x000001e437fb4604: 0248 be40 | 9622 8ee4 | 0100 008b | becc 0000 | 0083 c702 | 89be cc00 | 0000 81e7 | fe07 0000 
  0x000001e437fb4624: 85ff 0f84 | ae02 0000 

  0x000001e437fb462c: ;   {metadata(method data for {method} {0x000001e44d0b4420} 'invokeStatic' '(Ljava/lang/Object;Ljava/lang/Object;Ljava/lang/Object;)Ljava/lang/Object;' in 'java/lang/invoke/DirectMethodHandle$Holder')}
  0x000001e437fb462c: 48be 4096 | 228e e401 | 0000 488d | b620 0100 | 0048 85d2 | 750e f646 | 0801 7533 | f048 834e 
  0x000001e437fb464c: 0801 eb2b | 8b7a 0849 | ba00 0000 | 4de4 0100 | 0049 03fa | 4c8b d748 | 337e 0848 | f7c7 fcff 
  0x000001e437fb466c: ffff 740b | 40f6 c702 | 7505 4883 

  0x000001e437fb4678: ;   {metadata(method data for {method} {0x000001e44d0b4420} 'invokeStatic' '(Ljava/lang/Object;Ljava/lang/Object;Ljava/lang/Object;)Ljava/lang/Object;' in 'java/lang/invoke/DirectMethodHandle$Holder')}
  0x000001e437fb4678: 4e08 0248 | be40 9622 | 8ee4 0100 | 0048 8386 | 1001 0000 

  0x000001e437fb468c: ;   {metadata(method data for {method} {0x000001e44d0a2978} 'internalMemberName' '(Ljava/lang/Object;)Ljava/lang/Object;' in 'java/lang/invoke/DirectMethodHandle')}
  0x000001e437fb468c: 0148 bec0 | 8b22 8ee4 | 0100 008b | becc 0000 | 0083 c702 | 89be cc00 | 0000 81e7 | feff 1f00 
  0x000001e437fb46ac: 85ff 0f84 | 4702 0000 | 4885 d275 

  0x000001e437fb46b8: ;   {metadata(method data for {method} {0x000001e44d0a2978} 'internalMemberName' '(Ljava/lang/Object;)Ljava/lang/Object;' in 'java/lang/invoke/DirectMethodHandle')}
  0x000001e437fb46b8: 1648 bfc0 | 8b22 8ee4 | 0100 0080 | 8f09 0100 | 0001 e9cd 

  0x000001e437fb46cc: ;   {metadata('java/lang/invoke/DirectMethodHandle')}
  0x000001e437fb46cc: 0000 0048 | bbf8 000a | 4de4 0100 | 008b 7a08 | 49ba 0000 | 004d e401 | 0000 4903 | fa48 3b5f 
  0x000001e437fb46ec: 400f 858d 

  0x000001e437fb46f0: ;   {metadata(method data for {method} {0x000001e44d0a2978} 'internalMemberName' '(Ljava/lang/Object;)Ljava/lang/Object;' in 'java/lang/invoke/DirectMethodHandle')}
  0x000001e437fb46f0: 0000 0048 | bfc0 8b22 | 8ee4 0100 | 008b 5a08 | 49ba 0000 | 004d e401 | 0000 4903 | da48 3b9f 
  0x000001e437fb4710: 2001 0000 | 750d 4883 | 8728 0100 | 0001 e979 | 0000 0048 | 3b9f 3001 | 0000 750d | 4883 8738 
  0x000001e437fb4730: 0100 0001 | e963 0000 | 0048 83bf | 2001 0000 | 0075 1748 | 899f 2001 | 0000 48c7 | 8728 0100 
  0x000001e437fb4750: 0001 0000 | 00e9 4200 | 0000 4883 | bf30 0100 | 0000 7517 | 4889 9f30 | 0100 0048 | c787 3801 
  0x000001e437fb4770: 0000 0100 | 0000 e921 | 0000 00e9 | 1c00 0000 

  0x000001e437fb4780: ;   {metadata(method data for {method} {0x000001e44d0a2978} 'internalMemberName' '(Ljava/lang/Object;)Ljava/lang/Object;' in 'java/lang/invoke/DirectMethodHandle')}
  0x000001e437fb4780: 48bf c08b | 228e e401 | 0000 4883 | af10 0100 | 0001 e985 | 0100 00e9 | 0000 0000 

  0x000001e437fb479c: ; implicit exception: dispatches to 0x000001e437fb4925
                      ;   {metadata(method data for {method} {0x000001e44d0b4420} 'invokeStatic' '(Ljava/lang/Object;Ljava/lang/Object;Ljava/lang/Object;)Ljava/lang/Object;' in 'java/lang/invoke/DirectMethodHandle$Holder')}
  0x000001e437fb479c: 8b72 2048 | ba40 9622 | 8ee4 0100 | 0048 8d92 | 3001 0000 | 4885 f675 | 0af6 0201 | 7505 f048 
  0x000001e437fb47bc: ;   {metadata(method data for {method} {0x000001e44d0b4420} 'invokeStatic' '(Ljava/lang/Object;Ljava/lang/Object;Ljava/lang/Object;)Ljava/lang/Object;' in 'java/lang/invoke/DirectMethodHandle$Holder')}
  0x000001e437fb47bc: 830a 0148 | ba40 9622 | 8ee4 0100 | 0048 8d92 | 8801 0000 | 4d85 c075 | 0ef6 4208 | 0175 34f0 
  0x000001e437fb47dc: 4883 4a08 | 01eb 2c41 | 8b78 0849 | ba00 0000 | 4de4 0100 | 0049 03fa | 4c8b d748 | 337a 0848 
  0x000001e437fb47fc: f7c7 fcff | ffff 740b | 40f6 c702 | 7505 4883 | 4a08 024d | 85c9 750e | f642 1801 | 7534 f048 
  0x000001e437fb481c: 834a 1801 | eb2c 418b | 7908 49ba | 0000 004d | e401 0000 | 4903 fa4c | 8bd7 4833 | 7a18 48f7 
  0x000001e437fb483c: c7fc ffff | ff74 0b40 | f6c7 0275 | 0548 834a 

  0x000001e437fb484c: ;   {metadata(method data for {method} {0x000001e44d0b4420} 'invokeStatic' '(Ljava/lang/Object;Ljava/lang/Object;Ljava/lang/Object;)Ljava/lang/Object;' in 'java/lang/invoke/DirectMethodHandle$Holder')}
  0x000001e437fb484c: 1802 48ba | 4096 228e | e401 0000 | 4883 8278 | 0100 0001 | 498b d04d | 8bc1 4c8b | ce66 0f1f 
  0x000001e437fb486c: ;   {static_call}
  0x000001e437fb486c: 4400 00e8 

  0x000001e437fb4870: ; ImmutableOopMap {}
                      ;*invokestatic linkToStatic {reexecute=0 rethrow=0 return_oop=0}
                      ; - java.lang.invoke.DirectMethodHandle$Holder::invokeStatic@11
  0x000001e437fb4870: 8cde a007 

  0x000001e437fb4874: ;   {other}
  0x000001e437fb4874: 0f1f 8400 | e404 0000 

  0x000001e437fb487c: ;   {metadata(method data for {method} {0x000001e44d0b4420} 'invokeStatic' '(Ljava/lang/Object;Ljava/lang/Object;Ljava/lang/Object;)Ljava/lang/Object;' in 'java/lang/invoke/DirectMethodHandle$Holder')}
  0x000001e437fb487c: 48be 4096 | 228e e401 | 0000 488d | b6a8 0100 | 0048 85c0 | 750c f606 | 0175 30f0 | 4883 0e01 
  0x000001e437fb489c: eb29 8b78 | 0849 ba00 | 0000 4de4 | 0100 0049 | 03fa 4c8b | d748 333e | 48f7 c7fc | ffff ff74 
  0x000001e437fb48bc: 0a40 f6c7 | 0275 0448 | 830e 0248 | 83c4 405d 

  0x000001e437fb48cc: ;   {poll_return}
  0x000001e437fb48cc: 493b a748 | 0400 000f | 8751 0000 

  0x000001e437fb48d8: ;   {metadata({method} {0x000001e44d0b4420} 'invokeStatic' '(Ljava/lang/Object;Ljava/lang/Object;Ljava/lang/Object;)Ljava/lang/Object;' in 'java/lang/invoke/DirectMethodHandle$Holder')}
  0x000001e437fb48d8: 00c3 49ba | 1844 0b4d | e401 0000 | 4c89 5424 | 0848 c704 | 24ff ffff 

  0x000001e437fb48f0: ;   {runtime_call counter_overflow Runtime1 stub}
  0x000001e437fb48f0: ffe8 8a9a 

  0x000001e437fb48f4: ; ImmutableOopMap {rdx=Oop r8=Oop r9=Oop }
                      ;*synchronization entry
                      ; - java.lang.invoke.DirectMethodHandle$Holder::invokeStatic@-1
  0x000001e437fb48f4: 5907 e931 

  0x000001e437fb48f8: ;   {metadata({method} {0x000001e44d0a2978} 'internalMemberName' '(Ljava/lang/Object;)Ljava/lang/Object;' in 'java/lang/invoke/DirectMethodHandle')}
  0x000001e437fb48f8: fdff ff49 | ba70 290a | 4de4 0100 | 004c 8954 | 2408 48c7 | 0424 ffff 

  0x000001e437fb4910: ;   {runtime_call counter_overflow Runtime1 stub}
  0x000001e437fb4910: ffff e869 

  0x000001e437fb4914: ; ImmutableOopMap {rdx=Oop r8=Oop r9=Oop }
                      ;*synchronization entry
                      ; - java.lang.invoke.DirectMethodHandle::internalMemberName@-1 (line 327)
                      ; - java.lang.invoke.DirectMethodHandle$Holder::invokeStatic@1
  0x000001e437fb4914: 9a59 07e9 | 98fd ffff | 4889 1424 

  0x000001e437fb4920: ;   {runtime_call throw_class_cast_exception Runtime1 stub}
  0x000001e437fb4920: e8fb 6359 

  0x000001e437fb4924: ; ImmutableOopMap {r8=Oop r9=Oop }
                      ;*checkcast {reexecute=0 rethrow=0 return_oop=0}
                      ; - java.lang.invoke.DirectMethodHandle::internalMemberName@1 (line 327)
                      ; - java.lang.invoke.DirectMethodHandle$Holder::invokeStatic@1
                      ;   {runtime_call throw_null_pointer_exception Runtime1 stub}
  0x000001e437fb4924: 07e8 7620 

  0x000001e437fb4928: ; ImmutableOopMap {r8=Oop r9=Oop }
                      ;*getfield member {reexecute=1 rethrow=0 return_oop=0}
                      ; - (reexecute) java.lang.invoke.DirectMethodHandle::internalMemberName@4 (line 327)
                      ; - java.lang.invoke.DirectMethodHandle$Holder::invokeStatic@1
                      ;   {internal_word}
  0x000001e437fb4928: 5907 49ba | cc48 fb37 | e401 0000 | 4d89 9760 

  0x000001e437fb4938: ;   {runtime_call SafepointBlob}
  0x000001e437fb4938: 0400 00e9 | 4022 4c07 | 498b 87f8 | 0400 0049 | c787 f804 | 0000 0000 | 0000 49c7 | 8700 0500 
  0x000001e437fb4958: 0000 0000 | 0048 83c4 

  0x000001e437fb4960: ;   {runtime_call unwind_exception Runtime1 stub}
  0x000001e437fb4960: 405d e919 | 1159 07f4 
[Stub Code]
  0x000001e437fb4968: ;   {no_reloc}
  0x000001e437fb4968: 48bb 0000 | 0000 0000 

  0x000001e437fb4970: ;   {runtime_call nmethod}
  0x000001e437fb4970: 0000 e9fb 

  0x000001e437fb4974: ;   {runtime_call handle_exception_from_callee Runtime1 stub}
  0x000001e437fb4974: ffff ffe8 | 8457 5907 

  0x000001e437fb497c: ;   {external_word}
  0x000001e437fb497c: 48b9 907f | d786 ff7f | 0000 4883 

  0x000001e437fb4988: ;   {runtime_call}
  0x000001e437fb4988: e4f0 48b8 | e044 9a86 | ff7f 0000 

  0x000001e437fb4994: ;   {section_word}
  0x000001e437fb4994: ffd0 f449 | ba97 49fb | 37e4 0100 

  0x000001e437fb49a0: ;   {runtime_call DeoptimizationBlob}
  0x000001e437fb49a0: 0041 52e9 | 7836 4c07 
[Deopt MH Handler Code]
  0x000001e437fb49a8: ;   {section_word}
  0x000001e437fb49a8: 49ba a849 | fb37 e401 | 0000 4152 

  0x000001e437fb49b4: ;   {runtime_call DeoptimizationBlob}
  0x000001e437fb49b4: e967 364c | 07f4 f4f4 | f4f4 f4f4 
[/MachCode]


---------------  P R O C E S S  ---------------

Threads class SMR info:
_java_thread_list=0x000001e497e8ebd0, length=52, elements={
0x000001e4311d7ad0, 0x000001e44c361a20, 0x000001e44c362230, 0x000001e44c36ea90,
0x000001e44c36d050, 0x000001e44c36c9c0, 0x000001e44c36b610, 0x000001e44c389370,
0x000001e44c38a230, 0x000001e44c36e400, 0x000001e44c36bca0, 0x000001e44c36d6e0,
0x000001e44c36dd70, 0x000001e44c36c330, 0x000001e492e1f100, 0x000001e492e1f790,
0x000001e492e1d6c0, 0x000001e492e211d0, 0x000001e492e20b40, 0x000001e492e1e3e0,
0x000001e492e1dd50, 0x000001e492e21860, 0x000001e492e21ef0, 0x000001e492e22580,
0x000001e492e204b0, 0x000001e492e23930, 0x000001e495686200, 0x000001e495685b70,
0x000001e495688960, 0x000001e495686f20, 0x000001e495688ff0, 0x000001e492e1fe20,
0x000001e492e24650, 0x000001e492e22c10, 0x000001e493d1ba80, 0x000001e493d18600,
0x000001e493d1f590, 0x000001e49676a700, 0x000001e495c1db00, 0x000001e495c1e820,
0x000001e495c20260, 0x000001e495c1eeb0, 0x000001e495c23050, 0x000001e495c229c0,
0x000001e495c208f0, 0x000001e4a8515b80, 0x000001e4a8512700, 0x000001e49c2f00b0,
0x000001e49c2f0740, 0x000001e49c2f2180, 0x000001e49c2f2810, 0x000001e4968373f0
}

Java Threads: ( => current thread )
=>0x000001e4311d7ad0 JavaThread "main"                              [_thread_in_native, id=36608, stack(0x0000004cca070000,0x0000004cca170000) (1024K)]
  0x000001e44c361a20 JavaThread "Reference Handler"          daemon [_thread_blocked, id=33040, stack(0x0000004ccaf00000,0x0000004ccb000000) (1024K)]
  0x000001e44c362230 JavaThread "Finalizer"                  daemon [_thread_blocked, id=39300, stack(0x0000004ccb000000,0x0000004ccb100000) (1024K)]
  0x000001e44c36ea90 JavaThread "Signal Dispatcher"          daemon [_thread_blocked, id=34736, stack(0x0000004ccb100000,0x0000004ccb200000) (1024K)]
  0x000001e44c36d050 JavaThread "Attach Listener"            daemon [_thread_blocked, id=20452, stack(0x0000004ccb200000,0x0000004ccb300000) (1024K)]
  0x000001e44c36c9c0 JavaThread "Service Thread"             daemon [_thread_blocked, id=31004, stack(0x0000004ccb300000,0x0000004ccb400000) (1024K)]
  0x000001e44c36b610 JavaThread "Monitor Deflation Thread"   daemon [_thread_blocked, id=37100, stack(0x0000004ccb400000,0x0000004ccb500000) (1024K)]
  0x000001e44c389370 JavaThread "C2 CompilerThread0"         daemon [_thread_blocked, id=27584, stack(0x0000004ccb500000,0x0000004ccb600000) (1024K)]
  0x000001e44c38a230 JavaThread "C1 CompilerThread0"         daemon [_thread_blocked, id=40392, stack(0x0000004ccb600000,0x0000004ccb700000) (1024K)]
  0x000001e44c36e400 JavaThread "StringDedupThread"          daemon [_thread_blocked, id=31604, stack(0x0000004ccb700000,0x0000004ccb800000) (1024K)]
  0x000001e44c36bca0 JavaThread "Common-Cleaner"             daemon [_thread_blocked, id=37496, stack(0x0000004ccb800000,0x0000004ccb900000) (1024K)]
  0x000001e44c36d6e0 JavaThread "Notification Thread"        daemon [_thread_blocked, id=38204, stack(0x0000004ccba00000,0x0000004ccbb00000) (1024K)]
  0x000001e44c36dd70 JavaThread "Active Thread: Equinox Container: 980bfbfa-2922-4332-87b0-6f5fb41ca78a"        [_thread_blocked, id=37032, stack(0x0000004ccc300000,0x0000004ccc400000) (1024K)]
  0x000001e44c36c330 JavaThread "Framework Event Dispatcher: Equinox Container: 980bfbfa-2922-4332-87b0-6f5fb41ca78a" daemon [_thread_blocked, id=10568, stack(0x0000004ccc400000,0x0000004ccc500000) (1024K)]
  0x000001e492e1f100 JavaThread "Start Level: Equinox Container: 980bfbfa-2922-4332-87b0-6f5fb41ca78a" daemon [_thread_blocked, id=33920, stack(0x0000004ccc500000,0x0000004ccc600000) (1024K)]
  0x000001e492e1f790 JavaThread "Bundle File Closer"         daemon [_thread_blocked, id=32712, stack(0x0000004ccc600000,0x0000004ccc700000) (1024K)]
  0x000001e492e1d6c0 JavaThread "SCR Component Actor"        daemon [_thread_blocked, id=28256, stack(0x0000004ccbb00000,0x0000004ccbc00000) (1024K)]
  0x000001e492e211d0 JavaThread "EMF Reference Cleaner"      daemon [_thread_blocked, id=34680, stack(0x0000004ccc700000,0x0000004ccc800000) (1024K)]
  0x000001e492e20b40 JavaThread "Worker-JM"                         [_thread_blocked, id=11936, stack(0x0000004cccb00000,0x0000004cccc00000) (1024K)]
  0x000001e492e1e3e0 JavaThread "JNA Cleaner"                daemon [_thread_blocked, id=27660, stack(0x0000004cccc00000,0x0000004cccd00000) (1024K)]
  0x000001e492e1dd50 JavaThread "Gogo shell"                        [_thread_blocked, id=9324, stack(0x0000004cccf00000,0x0000004ccd000000) (1024K)]
  0x000001e492e21860 JavaThread "SWTResourceTracker"         daemon [_thread_blocked, id=27952, stack(0x0000004ccd000000,0x0000004ccd100000) (1024K)]
  0x000001e492e21ef0 JavaThread "Git Repository Closer"      daemon [_thread_blocked, id=17976, stack(0x0000004ccd400000,0x0000004ccd500000) (1024K)]
  0x000001e492e22580 JavaThread "logback-1"                  daemon [_thread_blocked, id=41168, stack(0x0000004ccd500000,0x0000004ccd600000) (1024K)]
  0x000001e492e204b0 JavaThread "Java indexing"              daemon [_thread_blocked, id=18700, stack(0x0000004ccca00000,0x0000004cccb00000) (1024K)]
  0x000001e492e23930 JavaThread "Java2D Disposer"            daemon [_thread_blocked, id=37676, stack(0x0000004ccd600000,0x0000004ccd700000) (1024K)]
  0x000001e495686200 JavaThread "AWT-Windows"                daemon [_thread_in_native, id=32644, stack(0x0000004ccd800000,0x0000004ccd900000) (1024K)]
  0x000001e495685b70 JavaThread "EventAdmin Async Event Dispatcher Thread" daemon [_thread_blocked, id=29800, stack(0x0000004ccc900000,0x0000004ccca00000) (1024K)]
  0x000001e495688960 JavaThread "Worker-2"                          [_thread_blocked, id=39968, stack(0x0000004ccdb00000,0x0000004ccdc00000) (1024K)]
  0x000001e495686f20 JavaThread "Worker-4"                          [_thread_blocked, id=39560, stack(0x0000004ccdd00000,0x0000004ccde00000) (1024K)]
  0x000001e495688ff0 JavaThread "Worker-6"                          [_thread_blocked, id=35016, stack(0x0000004ccdf00000,0x0000004cce000000) (1024K)]
  0x000001e492e1fe20 JavaThread "Worker-9"                          [_thread_blocked, id=39532, stack(0x0000004cce200000,0x0000004cce300000) (1024K)]
  0x000001e492e24650 JavaThread "Worker-10"                         [_thread_blocked, id=31952, stack(0x0000004cce300000,0x0000004cce400000) (1024K)]
  0x000001e492e22c10 JavaThread "Worker-11"                         [_thread_blocked, id=41732, stack(0x0000004cce400000,0x0000004cce500000) (1024K)]
  0x000001e493d1ba80 JavaThread "pool-2-thread-1"                   [_thread_blocked, id=31560, stack(0x0000004cce600000,0x0000004cce700000) (1024K)]
  0x000001e493d18600 JavaThread "pool-3-thread-1"                   [_thread_blocked, id=29708, stack(0x0000004cce700000,0x0000004cce800000) (1024K)]
  0x000001e493d1f590 JavaThread "Compiler Source File Reader" daemon [_thread_blocked, id=9280, stack(0x0000004cce500000,0x0000004cce600000) (1024K)]
  0x000001e49676a700 JavaThread "Compiler Class File Writer" daemon [_thread_blocked, id=36500, stack(0x0000004ccea00000,0x0000004cceb00000) (1024K)]
  0x000001e495c1db00 JavaThread "Worker-12"                         [_thread_blocked, id=7648, stack(0x0000004ccec00000,0x0000004cced00000) (1024K)]
  0x000001e495c1e820 JavaThread "Worker-17"                         [_thread_blocked, id=37464, stack(0x0000004ccf100000,0x0000004ccf200000) (1024K)]
  0x000001e495c20260 JavaThread "Worker-19"                         [_thread_blocked, id=35712, stack(0x0000004ccf300000,0x0000004ccf400000) (1024K)]
  0x000001e495c1eeb0 JavaThread "Worker-20"                         [_thread_blocked, id=36200, stack(0x0000004ccf400000,0x0000004ccf500000) (1024K)]
  0x000001e495c23050 JavaThread "Worker-21"                         [_thread_blocked, id=36060, stack(0x0000004ccf500000,0x0000004ccf600000) (1024K)]
  0x000001e495c229c0 JavaThread "Worker-22"                         [_thread_blocked, id=36180, stack(0x0000004ccf600000,0x0000004ccf700000) (1024K)]
  0x000001e495c208f0 JavaThread "Provisioning Event Dispatcher" daemon [_thread_blocked, id=41656, stack(0x0000004ccf700000,0x0000004ccf800000) (1024K)]
  0x000001e4a8515b80 JavaThread "Thread-7"                          [_thread_blocked, id=41780, stack(0x0000004ccf900000,0x0000004ccfa00000) (1024K)]
  0x000001e4a8512700 JavaThread "logback-2"                  daemon [_thread_blocked, id=8464, stack(0x0000004cca400000,0x0000004cca500000) (1024K)]
  0x000001e49c2f00b0 JavaThread "Compiler Source File Reader" daemon [_thread_blocked, id=31272, stack(0x0000004ccd300000,0x0000004ccd400000) (1024K)]
  0x000001e49c2f0740 JavaThread "Compiler Processing Task"   daemon [_thread_blocked, id=39476, stack(0x0000004ccd700000,0x0000004ccd800000) (1024K)]
  0x000001e49c2f2180 JavaThread "org.eclipse.jdt.internal.ui.text.JavaReconciler" daemon [_thread_blocked, id=38616, stack(0x0000004cca600000,0x0000004cca700000) (1024K)]
  0x000001e49c2f2810 JavaThread "pool-4-thread-1"                   [_thread_blocked, id=35128, stack(0x0000004ccda00000,0x0000004ccdb00000) (1024K)]
  0x000001e4968373f0 JavaThread "C2 CompilerThread1"         daemon [_thread_blocked, id=40216, stack(0x0000004ccde00000,0x0000004ccdf00000) (1024K)]
Total: 52

Other Threads:
  0x000001e4311705e0 VMThread "VM Thread"                           [id=41048, stack(0x0000004ccae00000,0x0000004ccaf00000) (1024K)]
  0x000001e449aabb10 WatcherThread "VM Periodic Task Thread"        [id=8000, stack(0x0000004ccad00000,0x0000004ccae00000) (1024K)]
  0x000001e43116fb00 WorkerThread "GC Thread#0"                     [id=32608, stack(0x0000004cca700000,0x0000004cca800000) (1024K)]
  0x000001e49265f8c0 WorkerThread "GC Thread#1"                     [id=36968, stack(0x0000004ccbc00000,0x0000004ccbd00000) (1024K)]
  0x000001e49265dbc0 WorkerThread "GC Thread#2"                     [id=41396, stack(0x0000004ccbd00000,0x0000004ccbe00000) (1024K)]
  0x000001e492660000 WorkerThread "GC Thread#3"                     [id=39992, stack(0x0000004ccbe00000,0x0000004ccbf00000) (1024K)]
  0x000001e49265e300 WorkerThread "GC Thread#4"                     [id=36972, stack(0x0000004ccbf00000,0x0000004ccc000000) (1024K)]
  0x000001e49265d820 WorkerThread "GC Thread#5"                     [id=32012, stack(0x0000004ccc000000,0x0000004ccc100000) (1024K)]
  0x000001e4926603a0 WorkerThread "GC Thread#6"                     [id=18392, stack(0x0000004ccc100000,0x0000004ccc200000) (1024K)]
  0x000001e49265fc60 WorkerThread "GC Thread#7"                     [id=29716, stack(0x0000004ccc200000,0x0000004ccc300000) (1024K)]
  0x000001e4498dbb60 ConcurrentGCThread "G1 Main Marker"            [id=41064, stack(0x0000004cca900000,0x0000004ccaa00000) (1024K)]
  0x000001e4311710c0 WorkerThread "G1 Conc#0"                       [id=29460, stack(0x0000004ccaa00000,0x0000004ccab00000) (1024K)]
  0x000001e49265d480 WorkerThread "G1 Conc#1"                       [id=38392, stack(0x0000004ccce00000,0x0000004cccf00000) (1024K)]
  0x000001e4499783f0 ConcurrentGCThread "G1 Refine#0"               [id=38120, stack(0x0000004ccab00000,0x0000004ccac00000) (1024K)]
  0x000001e449978820 ConcurrentGCThread "G1 Service"                [id=1736, stack(0x0000004ccac00000,0x0000004ccad00000) (1024K)]
Total: 15

Threads with active compile tasks:
Total: 0

VM state: not at safepoint (normal execution)

VM Mutex/Monitor currently owned by a thread: None

Heap address: 0x0000000084c00000, size: 1972 MB, Compressed Oops mode: 32-bit

CDS archive(s) mapped at: [0x000001e44d000000-0x000001e44dc80000-0x000001e44dc80000), size 13107200, SharedBaseAddress: 0x000001e44d000000, ArchiveRelocationMode: 1.
Compressed class space mapped at: 0x000001e44e000000-0x000001e48e000000, reserved size: 1073741824
Narrow klass base: 0x000001e44d000000, Narrow klass shift: 0, Narrow klass range: 0x100000000

GC Precious Log:
 CardTable entry size: 512
 Card Set container configuration: InlinePtr #cards 5 size 8 Array Of Cards #cards 12 size 40 Howl #buckets 4 coarsen threshold 1843 Howl Bitmap #cards 512 size 80 coarsen threshold 460 Card regions per heap region 1 cards per card region 2048
 CPUs: 8 total, 8 available
 Memory: 7886M
 Large Page Support: Disabled
 NUMA Support: Disabled
 Compressed Oops: Enabled (32-bit)
 Heap Region Size: 1M
 Heap Min Capacity: 8M
 Heap Initial Capacity: 124M
 Heap Max Capacity: 1972M
 Pre-touch: Disabled
 Parallel Workers: 8
 Concurrent Workers: 2
 Concurrent Refinement Workers: 8
 Periodic GC: Disabled
 String Deduplication is enabled

Heap:
 garbage-first heap   total 677888K, used 441449K [0x0000000084c00000, 0x0000000100000000)
  region size 1024K, 21 young (21504K), 8 survivors (8192K)
 Metaspace       used 141826K, committed 145152K, reserved 1179648K
  class space    used 17219K, committed 18624K, reserved 1048576K

Heap Regions: E=young(eden), S=young(survivor), O=old, HS=humongous(starts), HC=humongous(continues), CS=collection set, F=free, TAMS=top-at-mark-start, PB=parsable bottom
|   0|0x0000000084c00000, 0x0000000084d00000, 0x0000000084d00000|100%| O|  |TAMS 0x0000000084c00000| PB 0x0000000084c00000| Untracked 
|   1|0x0000000084d00000, 0x0000000084e00000, 0x0000000084e00000|100%| O|  |TAMS 0x0000000084d00000| PB 0x0000000084d00000| Untracked 
|   2|0x0000000084e00000, 0x0000000084f00000, 0x0000000084f00000|100%| O|  |TAMS 0x0000000084e00000| PB 0x0000000084e00000| Untracked 
|   3|0x0000000084f00000, 0x0000000085000000, 0x0000000085000000|100%| O|  |TAMS 0x0000000084f00000| PB 0x0000000084f00000| Untracked 
|   4|0x0000000085000000, 0x0000000085100000, 0x0000000085100000|100%| O|  |TAMS 0x0000000085000000| PB 0x0000000085000000| Untracked 
|   5|0x0000000085100000, 0x0000000085200000, 0x0000000085200000|100%| O|  |TAMS 0x0000000085100000| PB 0x0000000085100000| Untracked 
|   6|0x0000000085200000, 0x0000000085300000, 0x0000000085300000|100%| O|  |TAMS 0x0000000085200000| PB 0x0000000085200000| Untracked 
|   7|0x0000000085300000, 0x0000000085400000, 0x0000000085400000|100%| O|  |TAMS 0x0000000085300000| PB 0x0000000085300000| Untracked 
|   8|0x0000000085400000, 0x0000000085500000, 0x0000000085500000|100%| O|  |TAMS 0x0000000085400000| PB 0x0000000085400000| Untracked 
|   9|0x0000000085500000, 0x0000000085600000, 0x0000000085600000|100%|HS|  |TAMS 0x0000000085500000| PB 0x0000000085500000| Complete 
|  10|0x0000000085600000, 0x0000000085700000, 0x0000000085700000|100%| O|  |TAMS 0x0000000085600000| PB 0x0000000085600000| Untracked 
|  11|0x0000000085700000, 0x0000000085800000, 0x0000000085800000|100%| O|  |TAMS 0x0000000085700000| PB 0x0000000085700000| Untracked 
|  12|0x0000000085800000, 0x0000000085900000, 0x0000000085900000|100%| O|  |TAMS 0x0000000085800000| PB 0x0000000085800000| Untracked 
|  13|0x0000000085900000, 0x0000000085a00000, 0x0000000085a00000|100%| O|  |TAMS 0x0000000085900000| PB 0x0000000085900000| Untracked 
|  14|0x0000000085a00000, 0x0000000085b00000, 0x0000000085b00000|100%| O|  |TAMS 0x0000000085a00000| PB 0x0000000085a00000| Untracked 
|  15|0x0000000085b00000, 0x0000000085c00000, 0x0000000085c00000|100%| O|  |TAMS 0x0000000085b00000| PB 0x0000000085b00000| Untracked 
|  16|0x0000000085c00000, 0x0000000085d00000, 0x0000000085d00000|100%| O|  |TAMS 0x0000000085c00000| PB 0x0000000085c00000| Untracked 
|  17|0x0000000085d00000, 0x0000000085e00000, 0x0000000085e00000|100%| O|  |TAMS 0x0000000085d00000| PB 0x0000000085d00000| Untracked 
|  18|0x0000000085e00000, 0x0000000085f00000, 0x0000000085f00000|100%| O|  |TAMS 0x0000000085e00000| PB 0x0000000085e00000| Untracked 
|  19|0x0000000085f00000, 0x0000000086000000, 0x0000000086000000|100%| O|  |TAMS 0x0000000085f00000| PB 0x0000000085f00000| Untracked 
|  20|0x0000000086000000, 0x0000000086100000, 0x0000000086100000|100%| O|  |TAMS 0x0000000086000000| PB 0x0000000086000000| Untracked 
|  21|0x0000000086100000, 0x0000000086200000, 0x0000000086200000|100%|HS|  |TAMS 0x0000000086100000| PB 0x0000000086100000| Complete 
|  22|0x0000000086200000, 0x0000000086300000, 0x0000000086300000|100%| O|  |TAMS 0x0000000086200000| PB 0x0000000086200000| Untracked 
|  23|0x0000000086300000, 0x0000000086400000, 0x0000000086400000|100%| O|  |TAMS 0x0000000086300000| PB 0x0000000086300000| Untracked 
|  24|0x0000000086400000, 0x0000000086500000, 0x0000000086500000|100%| O|  |TAMS 0x0000000086400000| PB 0x0000000086400000| Untracked 
|  25|0x0000000086500000, 0x0000000086600000, 0x0000000086600000|100%| O|  |TAMS 0x0000000086500000| PB 0x0000000086500000| Untracked 
|  26|0x0000000086600000, 0x0000000086700000, 0x0000000086700000|100%| O|  |TAMS 0x0000000086600000| PB 0x0000000086600000| Untracked 
|  27|0x0000000086700000, 0x0000000086800000, 0x0000000086800000|100%| O|  |TAMS 0x0000000086700000| PB 0x0000000086700000| Untracked 
|  28|0x0000000086800000, 0x0000000086900000, 0x0000000086900000|100%| O|  |TAMS 0x0000000086800000| PB 0x0000000086800000| Untracked 
|  29|0x0000000086900000, 0x0000000086a00000, 0x0000000086a00000|100%| O|  |TAMS 0x0000000086900000| PB 0x0000000086900000| Untracked 
|  30|0x0000000086a00000, 0x0000000086b00000, 0x0000000086b00000|100%| O|  |TAMS 0x0000000086a00000| PB 0x0000000086a00000| Untracked 
|  31|0x0000000086b00000, 0x0000000086c00000, 0x0000000086c00000|100%| O|  |TAMS 0x0000000086b00000| PB 0x0000000086b00000| Untracked 
|  32|0x0000000086c00000, 0x0000000086d00000, 0x0000000086d00000|100%| O|  |TAMS 0x0000000086c00000| PB 0x0000000086c00000| Untracked 
|  33|0x0000000086d00000, 0x0000000086e00000, 0x0000000086e00000|100%| O|  |TAMS 0x0000000086d00000| PB 0x0000000086d00000| Untracked 
|  34|0x0000000086e00000, 0x0000000086f00000, 0x0000000086f00000|100%| O|  |TAMS 0x0000000086e00000| PB 0x0000000086e00000| Untracked 
|  35|0x0000000086f00000, 0x0000000087000000, 0x0000000087000000|100%| O|  |TAMS 0x0000000086f00000| PB 0x0000000086f00000| Untracked 
|  36|0x0000000087000000, 0x0000000087100000, 0x0000000087100000|100%| O|  |TAMS 0x0000000087000000| PB 0x0000000087000000| Untracked 
|  37|0x0000000087100000, 0x0000000087200000, 0x0000000087200000|100%| O|  |TAMS 0x0000000087100000| PB 0x0000000087100000| Untracked 
|  38|0x0000000087200000, 0x0000000087300000, 0x0000000087300000|100%| O|  |TAMS 0x0000000087200000| PB 0x0000000087200000| Untracked 
|  39|0x0000000087300000, 0x0000000087400000, 0x0000000087400000|100%| O|  |TAMS 0x0000000087300000| PB 0x0000000087300000| Untracked 
|  40|0x0000000087400000, 0x0000000087500000, 0x0000000087500000|100%| O|  |TAMS 0x0000000087400000| PB 0x0000000087400000| Untracked 
|  41|0x0000000087500000, 0x0000000087600000, 0x0000000087600000|100%| O|  |TAMS 0x0000000087500000| PB 0x0000000087500000| Untracked 
|  42|0x0000000087600000, 0x0000000087700000, 0x0000000087700000|100%| O|  |TAMS 0x0000000087600000| PB 0x0000000087600000| Untracked 
|  43|0x0000000087700000, 0x0000000087800000, 0x0000000087800000|100%| O|  |TAMS 0x0000000087700000| PB 0x0000000087700000| Untracked 
|  44|0x0000000087800000, 0x0000000087900000, 0x0000000087900000|100%| O|  |TAMS 0x0000000087800000| PB 0x0000000087800000| Untracked 
|  45|0x0000000087900000, 0x0000000087a00000, 0x0000000087a00000|100%| O|  |TAMS 0x0000000087900000| PB 0x0000000087900000| Untracked 
|  46|0x0000000087a00000, 0x0000000087b00000, 0x0000000087b00000|100%| O|  |TAMS 0x0000000087a00000| PB 0x0000000087a00000| Untracked 
|  47|0x0000000087b00000, 0x0000000087c00000, 0x0000000087c00000|100%| O|  |TAMS 0x0000000087b00000| PB 0x0000000087b00000| Untracked 
|  48|0x0000000087c00000, 0x0000000087cfeb80, 0x0000000087d00000| 99%| O|  |TAMS 0x0000000087c00000| PB 0x0000000087c00000| Untracked 
|  49|0x0000000087d00000, 0x0000000087e00000, 0x0000000087e00000|100%| O|  |TAMS 0x0000000087d00000| PB 0x0000000087d00000| Untracked 
|  50|0x0000000087e00000, 0x0000000087f00000, 0x0000000087f00000|100%| O|  |TAMS 0x0000000087e00000| PB 0x0000000087e00000| Untracked 
|  51|0x0000000087f00000, 0x0000000088000000, 0x0000000088000000|100%| O|  |TAMS 0x0000000087f00000| PB 0x0000000087f00000| Untracked 
|  52|0x0000000088000000, 0x0000000088100000, 0x0000000088100000|100%| O|  |TAMS 0x0000000088000000| PB 0x0000000088000000| Untracked 
|  53|0x0000000088100000, 0x0000000088200000, 0x0000000088200000|100%| O|  |TAMS 0x0000000088100000| PB 0x0000000088100000| Untracked 
|  54|0x0000000088200000, 0x0000000088300000, 0x0000000088300000|100%| O|  |TAMS 0x0000000088200000| PB 0x0000000088200000| Untracked 
|  55|0x0000000088300000, 0x0000000088400000, 0x0000000088400000|100%| O|  |TAMS 0x0000000088300000| PB 0x0000000088300000| Untracked 
|  56|0x0000000088400000, 0x0000000088500000, 0x0000000088500000|100%| O|  |TAMS 0x0000000088400000| PB 0x0000000088400000| Untracked 
|  57|0x0000000088500000, 0x0000000088600000, 0x0000000088600000|100%|HS|  |TAMS 0x0000000088500000| PB 0x0000000088500000| Complete 
|  58|0x0000000088600000, 0x0000000088700000, 0x0000000088700000|100%| O|  |TAMS 0x0000000088600000| PB 0x0000000088600000| Untracked 
|  59|0x0000000088700000, 0x0000000088800000, 0x0000000088800000|100%|HS|  |TAMS 0x0000000088700000| PB 0x0000000088700000| Complete 
|  60|0x0000000088800000, 0x0000000088900000, 0x0000000088900000|100%| O|  |TAMS 0x0000000088800000| PB 0x0000000088800000| Untracked 
|  61|0x0000000088900000, 0x0000000088a00000, 0x0000000088a00000|100%| O|  |TAMS 0x0000000088900000| PB 0x0000000088900000| Untracked 
|  62|0x0000000088a00000, 0x0000000088b00000, 0x0000000088b00000|100%| O|  |TAMS 0x0000000088a00000| PB 0x0000000088a00000| Untracked 
|  63|0x0000000088b00000, 0x0000000088c00000, 0x0000000088c00000|100%| O|  |TAMS 0x0000000088b00000| PB 0x0000000088b00000| Untracked 
|  64|0x0000000088c00000, 0x0000000088d00000, 0x0000000088d00000|100%| O|  |TAMS 0x0000000088c00000| PB 0x0000000088c00000| Untracked 
|  65|0x0000000088d00000, 0x0000000088e00000, 0x0000000088e00000|100%| O|  |TAMS 0x0000000088d00000| PB 0x0000000088d00000| Untracked 
|  66|0x0000000088e00000, 0x0000000088f00000, 0x0000000088f00000|100%| O|  |TAMS 0x0000000088e00000| PB 0x0000000088e00000| Untracked 
|  67|0x0000000088f00000, 0x0000000089000000, 0x0000000089000000|100%| O|  |TAMS 0x0000000088f00000| PB 0x0000000088f00000| Untracked 
|  68|0x0000000089000000, 0x0000000089100000, 0x0000000089100000|100%| O|  |TAMS 0x0000000089000000| PB 0x0000000089000000| Untracked 
|  69|0x0000000089100000, 0x0000000089200000, 0x0000000089200000|100%| O|  |TAMS 0x0000000089100000| PB 0x0000000089100000| Untracked 
|  70|0x0000000089200000, 0x0000000089300000, 0x0000000089300000|100%| O|  |TAMS 0x0000000089200000| PB 0x0000000089200000| Untracked 
|  71|0x0000000089300000, 0x0000000089400000, 0x0000000089400000|100%| O|  |TAMS 0x0000000089300000| PB 0x0000000089300000| Untracked 
|  72|0x0000000089400000, 0x0000000089500000, 0x0000000089500000|100%| O|  |TAMS 0x0000000089400000| PB 0x0000000089400000| Untracked 
|  73|0x0000000089500000, 0x0000000089600000, 0x0000000089600000|100%| O|  |TAMS 0x0000000089500000| PB 0x0000000089500000| Untracked 
|  74|0x0000000089600000, 0x0000000089700000, 0x0000000089700000|100%| O|  |TAMS 0x0000000089600000| PB 0x0000000089600000| Untracked 
|  75|0x0000000089700000, 0x0000000089800000, 0x0000000089800000|100%| O|  |TAMS 0x0000000089700000| PB 0x0000000089700000| Untracked 
|  76|0x0000000089800000, 0x0000000089900000, 0x0000000089900000|100%| O|  |TAMS 0x0000000089800000| PB 0x0000000089800000| Untracked 
|  77|0x0000000089900000, 0x0000000089a00000, 0x0000000089a00000|100%| O|  |TAMS 0x0000000089900000| PB 0x0000000089900000| Untracked 
|  78|0x0000000089a00000, 0x0000000089b00000, 0x0000000089b00000|100%| O|  |TAMS 0x0000000089a00000| PB 0x0000000089a00000| Untracked 
|  79|0x0000000089b00000, 0x0000000089c00000, 0x0000000089c00000|100%| O|  |TAMS 0x0000000089b00000| PB 0x0000000089b00000| Untracked 
|  80|0x0000000089c00000, 0x0000000089d00000, 0x0000000089d00000|100%| O|  |TAMS 0x0000000089c00000| PB 0x0000000089c00000| Untracked 
|  81|0x0000000089d00000, 0x0000000089e00000, 0x0000000089e00000|100%| O|  |TAMS 0x0000000089d00000| PB 0x0000000089d00000| Untracked 
|  82|0x0000000089e00000, 0x0000000089f00000, 0x0000000089f00000|100%| O|  |TAMS 0x0000000089e00000| PB 0x0000000089e00000| Untracked 
|  83|0x0000000089f00000, 0x000000008a000000, 0x000000008a000000|100%| O|  |TAMS 0x0000000089f00000| PB 0x0000000089f00000| Untracked 
|  84|0x000000008a000000, 0x000000008a100000, 0x000000008a100000|100%| O|  |TAMS 0x000000008a000000| PB 0x000000008a000000| Untracked 
|  85|0x000000008a100000, 0x000000008a200000, 0x000000008a200000|100%| O|  |TAMS 0x000000008a100000| PB 0x000000008a100000| Untracked 
|  86|0x000000008a200000, 0x000000008a300000, 0x000000008a300000|100%| O|  |TAMS 0x000000008a200000| PB 0x000000008a200000| Untracked 
|  87|0x000000008a300000, 0x000000008a400000, 0x000000008a400000|100%| O|  |TAMS 0x000000008a300000| PB 0x000000008a300000| Untracked 
|  88|0x000000008a400000, 0x000000008a500000, 0x000000008a500000|100%| O|  |TAMS 0x000000008a400000| PB 0x000000008a400000| Untracked 
|  89|0x000000008a500000, 0x000000008a600000, 0x000000008a600000|100%| O|  |TAMS 0x000000008a500000| PB 0x000000008a500000| Untracked 
|  90|0x000000008a600000, 0x000000008a700000, 0x000000008a700000|100%| O|  |TAMS 0x000000008a600000| PB 0x000000008a600000| Untracked 
|  91|0x000000008a700000, 0x000000008a800000, 0x000000008a800000|100%| O|  |TAMS 0x000000008a700000| PB 0x000000008a700000| Untracked 
|  92|0x000000008a800000, 0x000000008a900000, 0x000000008a900000|100%| O|  |TAMS 0x000000008a800000| PB 0x000000008a800000| Untracked 
|  93|0x000000008a900000, 0x000000008aa00000, 0x000000008aa00000|100%| O|  |TAMS 0x000000008a900000| PB 0x000000008a900000| Untracked 
|  94|0x000000008aa00000, 0x000000008ab00000, 0x000000008ab00000|100%| O|  |TAMS 0x000000008aa00000| PB 0x000000008aa00000| Untracked 
|  95|0x000000008ab00000, 0x000000008ac00000, 0x000000008ac00000|100%| O|  |TAMS 0x000000008ab00000| PB 0x000000008ab00000| Untracked 
|  96|0x000000008ac00000, 0x000000008ad00000, 0x000000008ad00000|100%| O|  |TAMS 0x000000008ac00000| PB 0x000000008ac00000| Untracked 
|  97|0x000000008ad00000, 0x000000008ae00000, 0x000000008ae00000|100%| O|  |TAMS 0x000000008ad00000| PB 0x000000008ad00000| Untracked 
|  98|0x000000008ae00000, 0x000000008af00000, 0x000000008af00000|100%| O|  |TAMS 0x000000008ae00000| PB 0x000000008ae00000| Untracked 
|  99|0x000000008af00000, 0x000000008b000000, 0x000000008b000000|100%| O|  |TAMS 0x000000008af00000| PB 0x000000008af00000| Untracked 
| 100|0x000000008b000000, 0x000000008b100000, 0x000000008b100000|100%| O|  |TAMS 0x000000008b000000| PB 0x000000008b000000| Untracked 
| 101|0x000000008b100000, 0x000000008b200000, 0x000000008b200000|100%| O|  |TAMS 0x000000008b100000| PB 0x000000008b100000| Untracked 
| 102|0x000000008b200000, 0x000000008b300000, 0x000000008b300000|100%| O|  |TAMS 0x000000008b200000| PB 0x000000008b200000| Untracked 
| 103|0x000000008b300000, 0x000000008b400000, 0x000000008b400000|100%| O|  |TAMS 0x000000008b300000| PB 0x000000008b300000| Untracked 
| 104|0x000000008b400000, 0x000000008b500000, 0x000000008b500000|100%| O|  |TAMS 0x000000008b400000| PB 0x000000008b400000| Untracked 
| 105|0x000000008b500000, 0x000000008b600000, 0x000000008b600000|100%| O|  |TAMS 0x000000008b500000| PB 0x000000008b500000| Untracked 
| 106|0x000000008b600000, 0x000000008b700000, 0x000000008b700000|100%| O|  |TAMS 0x000000008b600000| PB 0x000000008b600000| Untracked 
| 107|0x000000008b700000, 0x000000008b800000, 0x000000008b800000|100%| O|  |TAMS 0x000000008b700000| PB 0x000000008b700000| Untracked 
| 108|0x000000008b800000, 0x000000008b900000, 0x000000008b900000|100%| O|  |TAMS 0x000000008b800000| PB 0x000000008b800000| Untracked 
| 109|0x000000008b900000, 0x000000008ba00000, 0x000000008ba00000|100%| O|  |TAMS 0x000000008b900000| PB 0x000000008b900000| Untracked 
| 110|0x000000008ba00000, 0x000000008bb00000, 0x000000008bb00000|100%| O|  |TAMS 0x000000008ba00000| PB 0x000000008ba00000| Untracked 
| 111|0x000000008bb00000, 0x000000008bc00000, 0x000000008bc00000|100%| O|  |TAMS 0x000000008bb00000| PB 0x000000008bb00000| Untracked 
| 112|0x000000008bc00000, 0x000000008bd00000, 0x000000008bd00000|100%| O|  |TAMS 0x000000008bc00000| PB 0x000000008bc00000| Untracked 
| 113|0x000000008bd00000, 0x000000008be00000, 0x000000008be00000|100%| O|  |TAMS 0x000000008bd00000| PB 0x000000008bd00000| Untracked 
| 114|0x000000008be00000, 0x000000008bf00000, 0x000000008bf00000|100%| O|  |TAMS 0x000000008be00000| PB 0x000000008be00000| Untracked 
| 115|0x000000008bf00000, 0x000000008c000000, 0x000000008c000000|100%| O|  |TAMS 0x000000008bf00000| PB 0x000000008bf00000| Untracked 
| 116|0x000000008c000000, 0x000000008c100000, 0x000000008c100000|100%| O|  |TAMS 0x000000008c000000| PB 0x000000008c000000| Untracked 
| 117|0x000000008c100000, 0x000000008c200000, 0x000000008c200000|100%| O|  |TAMS 0x000000008c100000| PB 0x000000008c100000| Untracked 
| 118|0x000000008c200000, 0x000000008c300000, 0x000000008c300000|100%| O|  |TAMS 0x000000008c200000| PB 0x000000008c200000| Untracked 
| 119|0x000000008c300000, 0x000000008c400000, 0x000000008c400000|100%| O|  |TAMS 0x000000008c300000| PB 0x000000008c300000| Untracked 
| 120|0x000000008c400000, 0x000000008c500000, 0x000000008c500000|100%| O|  |TAMS 0x000000008c400000| PB 0x000000008c400000| Untracked 
| 121|0x000000008c500000, 0x000000008c600000, 0x000000008c600000|100%| O|  |TAMS 0x000000008c500000| PB 0x000000008c500000| Untracked 
| 122|0x000000008c600000, 0x000000008c700000, 0x000000008c700000|100%| O|  |TAMS 0x000000008c600000| PB 0x000000008c600000| Untracked 
| 123|0x000000008c700000, 0x000000008c800000, 0x000000008c800000|100%| O|  |TAMS 0x000000008c700000| PB 0x000000008c700000| Untracked 
| 124|0x000000008c800000, 0x000000008c900000, 0x000000008c900000|100%| O|  |TAMS 0x000000008c800000| PB 0x000000008c800000| Untracked 
| 125|0x000000008c900000, 0x000000008ca00000, 0x000000008ca00000|100%| O|  |TAMS 0x000000008c900000| PB 0x000000008c900000| Untracked 
| 126|0x000000008ca00000, 0x000000008cb00000, 0x000000008cb00000|100%| O|  |TAMS 0x000000008ca00000| PB 0x000000008ca00000| Untracked 
| 127|0x000000008cb00000, 0x000000008cc00000, 0x000000008cc00000|100%| O|  |TAMS 0x000000008cb00000| PB 0x000000008cb00000| Untracked 
| 128|0x000000008cc00000, 0x000000008cd00000, 0x000000008cd00000|100%| O|  |TAMS 0x000000008cc00000| PB 0x000000008cc00000| Untracked 
| 129|0x000000008cd00000, 0x000000008ce00000, 0x000000008ce00000|100%| O|  |TAMS 0x000000008cd00000| PB 0x000000008cd00000| Untracked 
| 130|0x000000008ce00000, 0x000000008cf00000, 0x000000008cf00000|100%| O|  |TAMS 0x000000008ce00000| PB 0x000000008ce00000| Untracked 
| 131|0x000000008cf00000, 0x000000008d000000, 0x000000008d000000|100%| O|  |TAMS 0x000000008cf00000| PB 0x000000008cf00000| Untracked 
| 132|0x000000008d000000, 0x000000008d100000, 0x000000008d100000|100%| O|  |TAMS 0x000000008d000000| PB 0x000000008d000000| Untracked 
| 133|0x000000008d100000, 0x000000008d200000, 0x000000008d200000|100%| O|  |TAMS 0x000000008d100000| PB 0x000000008d100000| Untracked 
| 134|0x000000008d200000, 0x000000008d300000, 0x000000008d300000|100%| O|  |TAMS 0x000000008d200000| PB 0x000000008d200000| Untracked 
| 135|0x000000008d300000, 0x000000008d400000, 0x000000008d400000|100%| O|  |TAMS 0x000000008d300000| PB 0x000000008d300000| Untracked 
| 136|0x000000008d400000, 0x000000008d500000, 0x000000008d500000|100%| O|  |TAMS 0x000000008d400000| PB 0x000000008d400000| Untracked 
| 137|0x000000008d500000, 0x000000008d600000, 0x000000008d600000|100%| O|  |TAMS 0x000000008d500000| PB 0x000000008d500000| Untracked 
| 138|0x000000008d600000, 0x000000008d700000, 0x000000008d700000|100%| O|  |TAMS 0x000000008d600000| PB 0x000000008d600000| Untracked 
| 139|0x000000008d700000, 0x000000008d800000, 0x000000008d800000|100%| O|  |TAMS 0x000000008d700000| PB 0x000000008d700000| Untracked 
| 140|0x000000008d800000, 0x000000008d900000, 0x000000008d900000|100%| O|  |TAMS 0x000000008d800000| PB 0x000000008d800000| Untracked 
| 141|0x000000008d900000, 0x000000008da00000, 0x000000008da00000|100%| O|  |TAMS 0x000000008d900000| PB 0x000000008d900000| Untracked 
| 142|0x000000008da00000, 0x000000008db00000, 0x000000008db00000|100%| O|  |TAMS 0x000000008da00000| PB 0x000000008da00000| Untracked 
| 143|0x000000008db00000, 0x000000008dc00000, 0x000000008dc00000|100%| O|  |TAMS 0x000000008db00000| PB 0x000000008db00000| Untracked 
| 144|0x000000008dc00000, 0x000000008dd00000, 0x000000008dd00000|100%| O|  |TAMS 0x000000008dc00000| PB 0x000000008dc00000| Untracked 
| 145|0x000000008dd00000, 0x000000008de00000, 0x000000008de00000|100%| O|  |TAMS 0x000000008dd00000| PB 0x000000008dd00000| Untracked 
| 146|0x000000008de00000, 0x000000008df00000, 0x000000008df00000|100%| O|  |TAMS 0x000000008de00000| PB 0x000000008de00000| Untracked 
| 147|0x000000008df00000, 0x000000008e000000, 0x000000008e000000|100%| O|  |TAMS 0x000000008df00000| PB 0x000000008df00000| Untracked 
| 148|0x000000008e000000, 0x000000008e100000, 0x000000008e100000|100%| O|  |TAMS 0x000000008e000000| PB 0x000000008e000000| Untracked 
| 149|0x000000008e100000, 0x000000008e200000, 0x000000008e200000|100%| O|  |TAMS 0x000000008e100000| PB 0x000000008e100000| Untracked 
| 150|0x000000008e200000, 0x000000008e300000, 0x000000008e300000|100%| O|  |TAMS 0x000000008e200000| PB 0x000000008e200000| Untracked 
| 151|0x000000008e300000, 0x000000008e400000, 0x000000008e400000|100%| O|  |TAMS 0x000000008e300000| PB 0x000000008e300000| Untracked 
| 152|0x000000008e400000, 0x000000008e500000, 0x000000008e500000|100%| O|  |TAMS 0x000000008e400000| PB 0x000000008e400000| Untracked 
| 153|0x000000008e500000, 0x000000008e600000, 0x000000008e600000|100%| O|  |TAMS 0x000000008e500000| PB 0x000000008e500000| Untracked 
| 154|0x000000008e600000, 0x000000008e700000, 0x000000008e700000|100%| O|  |TAMS 0x000000008e600000| PB 0x000000008e600000| Untracked 
| 155|0x000000008e700000, 0x000000008e800000, 0x000000008e800000|100%| O|  |TAMS 0x000000008e700000| PB 0x000000008e700000| Untracked 
| 156|0x000000008e800000, 0x000000008e900000, 0x000000008e900000|100%| O|  |TAMS 0x000000008e800000| PB 0x000000008e800000| Untracked 
| 157|0x000000008e900000, 0x000000008ea00000, 0x000000008ea00000|100%| O|  |TAMS 0x000000008e900000| PB 0x000000008e900000| Untracked 
| 158|0x000000008ea00000, 0x000000008eb00000, 0x000000008eb00000|100%| O|  |TAMS 0x000000008ea00000| PB 0x000000008ea00000| Untracked 
| 159|0x000000008eb00000, 0x000000008ec00000, 0x000000008ec00000|100%| O|  |TAMS 0x000000008eb00000| PB 0x000000008eb00000| Untracked 
| 160|0x000000008ec00000, 0x000000008ed00000, 0x000000008ed00000|100%| O|  |TAMS 0x000000008ec00000| PB 0x000000008ec00000| Untracked 
| 161|0x000000008ed00000, 0x000000008ee00000, 0x000000008ee00000|100%| O|  |TAMS 0x000000008ed00000| PB 0x000000008ed00000| Untracked 
| 162|0x000000008ee00000, 0x000000008ef00000, 0x000000008ef00000|100%| O|  |TAMS 0x000000008ee00000| PB 0x000000008ee00000| Untracked 
| 163|0x000000008ef00000, 0x000000008f000000, 0x000000008f000000|100%| O|  |TAMS 0x000000008ef00000| PB 0x000000008ef00000| Untracked 
| 164|0x000000008f000000, 0x000000008f100000, 0x000000008f100000|100%| O|  |TAMS 0x000000008f000000| PB 0x000000008f000000| Untracked 
| 165|0x000000008f100000, 0x000000008f200000, 0x000000008f200000|100%| O|  |TAMS 0x000000008f100000| PB 0x000000008f100000| Untracked 
| 166|0x000000008f200000, 0x000000008f300000, 0x000000008f300000|100%| O|  |TAMS 0x000000008f200000| PB 0x000000008f200000| Untracked 
| 167|0x000000008f300000, 0x000000008f400000, 0x000000008f400000|100%| O|  |TAMS 0x000000008f300000| PB 0x000000008f300000| Untracked 
| 168|0x000000008f400000, 0x000000008f500000, 0x000000008f500000|100%| O|  |TAMS 0x000000008f400000| PB 0x000000008f400000| Untracked 
| 169|0x000000008f500000, 0x000000008f600000, 0x000000008f600000|100%| O|  |TAMS 0x000000008f500000| PB 0x000000008f500000| Untracked 
| 170|0x000000008f600000, 0x000000008f700000, 0x000000008f700000|100%| O|  |TAMS 0x000000008f600000| PB 0x000000008f600000| Untracked 
| 171|0x000000008f700000, 0x000000008f800000, 0x000000008f800000|100%| O|  |TAMS 0x000000008f700000| PB 0x000000008f700000| Untracked 
| 172|0x000000008f800000, 0x000000008f900000, 0x000000008f900000|100%| O|  |TAMS 0x000000008f800000| PB 0x000000008f800000| Untracked 
| 173|0x000000008f900000, 0x000000008fa00000, 0x000000008fa00000|100%| O|  |TAMS 0x000000008f900000| PB 0x000000008f900000| Untracked 
| 174|0x000000008fa00000, 0x000000008fb00000, 0x000000008fb00000|100%| O|  |TAMS 0x000000008fa00000| PB 0x000000008fa00000| Untracked 
| 175|0x000000008fb00000, 0x000000008fc00000, 0x000000008fc00000|100%| O|  |TAMS 0x000000008fb00000| PB 0x000000008fb00000| Untracked 
| 176|0x000000008fc00000, 0x000000008fd00000, 0x000000008fd00000|100%| O|  |TAMS 0x000000008fc00000| PB 0x000000008fc00000| Untracked 
| 177|0x000000008fd00000, 0x000000008fe00000, 0x000000008fe00000|100%| O|  |TAMS 0x000000008fd00000| PB 0x000000008fd00000| Untracked 
| 178|0x000000008fe00000, 0x000000008ff00000, 0x000000008ff00000|100%| O|  |TAMS 0x000000008fe00000| PB 0x000000008fe00000| Untracked 
| 179|0x000000008ff00000, 0x0000000090000000, 0x0000000090000000|100%| O|  |TAMS 0x000000008ff00000| PB 0x000000008ff00000| Untracked 
| 180|0x0000000090000000, 0x0000000090100000, 0x0000000090100000|100%| O|  |TAMS 0x0000000090000000| PB 0x0000000090000000| Untracked 
| 181|0x0000000090100000, 0x0000000090200000, 0x0000000090200000|100%| O|  |TAMS 0x0000000090100000| PB 0x0000000090100000| Untracked 
| 182|0x0000000090200000, 0x0000000090300000, 0x0000000090300000|100%| O|  |TAMS 0x0000000090200000| PB 0x0000000090200000| Untracked 
| 183|0x0000000090300000, 0x0000000090400000, 0x0000000090400000|100%| O|  |TAMS 0x0000000090300000| PB 0x0000000090300000| Untracked 
| 184|0x0000000090400000, 0x0000000090500000, 0x0000000090500000|100%| O|  |TAMS 0x0000000090400000| PB 0x0000000090400000| Untracked 
| 185|0x0000000090500000, 0x0000000090600000, 0x0000000090600000|100%| O|  |TAMS 0x0000000090500000| PB 0x0000000090500000| Untracked 
| 186|0x0000000090600000, 0x0000000090700000, 0x0000000090700000|100%| O|  |TAMS 0x0000000090600000| PB 0x0000000090600000| Untracked 
| 187|0x0000000090700000, 0x0000000090700000, 0x0000000090800000|  0%| F|  |TAMS 0x0000000090700000| PB 0x0000000090700000| Untracked 
| 188|0x0000000090800000, 0x0000000090900000, 0x0000000090900000|100%| O|  |TAMS 0x0000000090800000| PB 0x0000000090800000| Untracked 
| 189|0x0000000090900000, 0x0000000090a00000, 0x0000000090a00000|100%| O|  |TAMS 0x0000000090900000| PB 0x0000000090900000| Untracked 
| 190|0x0000000090a00000, 0x0000000090b00000, 0x0000000090b00000|100%| O|  |TAMS 0x0000000090a00000| PB 0x0000000090a00000| Untracked 
| 191|0x0000000090b00000, 0x0000000090b00000, 0x0000000090c00000|  0%| F|  |TAMS 0x0000000090b00000| PB 0x0000000090b00000| Untracked 
| 192|0x0000000090c00000, 0x0000000090d00000, 0x0000000090d00000|100%| O|  |TAMS 0x0000000090c00000| PB 0x0000000090c00000| Untracked 
| 193|0x0000000090d00000, 0x0000000090e00000, 0x0000000090e00000|100%| O|  |TAMS 0x0000000090d00000| PB 0x0000000090d00000| Untracked 
| 194|0x0000000090e00000, 0x0000000090f00000, 0x0000000090f00000|100%| O|  |TAMS 0x0000000090e00000| PB 0x0000000090e00000| Untracked 
| 195|0x0000000090f00000, 0x0000000091000000, 0x0000000091000000|100%| O|  |TAMS 0x0000000090f00000| PB 0x0000000090f00000| Untracked 
| 196|0x0000000091000000, 0x0000000091100000, 0x0000000091100000|100%| O|  |TAMS 0x0000000091000000| PB 0x0000000091000000| Untracked 
| 197|0x0000000091100000, 0x0000000091200000, 0x0000000091200000|100%| O|  |TAMS 0x0000000091100000| PB 0x0000000091100000| Untracked 
| 198|0x0000000091200000, 0x0000000091300000, 0x0000000091300000|100%| O|  |TAMS 0x0000000091200000| PB 0x0000000091200000| Untracked 
| 199|0x0000000091300000, 0x0000000091400000, 0x0000000091400000|100%| O|  |TAMS 0x0000000091300000| PB 0x0000000091300000| Untracked 
| 200|0x0000000091400000, 0x0000000091500000, 0x0000000091500000|100%| O|  |TAMS 0x0000000091400000| PB 0x0000000091400000| Untracked 
| 201|0x0000000091500000, 0x0000000091600000, 0x0000000091600000|100%| O|  |TAMS 0x0000000091500000| PB 0x0000000091500000| Untracked 
| 202|0x0000000091600000, 0x0000000091700000, 0x0000000091700000|100%| O|  |TAMS 0x0000000091600000| PB 0x0000000091600000| Untracked 
| 203|0x0000000091700000, 0x0000000091800000, 0x0000000091800000|100%| O|  |TAMS 0x0000000091700000| PB 0x0000000091700000| Untracked 
| 204|0x0000000091800000, 0x0000000091900000, 0x0000000091900000|100%| O|  |TAMS 0x0000000091800000| PB 0x0000000091800000| Untracked 
| 205|0x0000000091900000, 0x0000000091a00000, 0x0000000091a00000|100%| O|  |TAMS 0x0000000091900000| PB 0x0000000091900000| Untracked 
| 206|0x0000000091a00000, 0x0000000091b00000, 0x0000000091b00000|100%| O|  |TAMS 0x0000000091a00000| PB 0x0000000091a00000| Untracked 
| 207|0x0000000091b00000, 0x0000000091c00000, 0x0000000091c00000|100%| O|  |TAMS 0x0000000091b00000| PB 0x0000000091b00000| Untracked 
| 208|0x0000000091c00000, 0x0000000091d00000, 0x0000000091d00000|100%| O|  |TAMS 0x0000000091c00000| PB 0x0000000091c00000| Untracked 
| 209|0x0000000091d00000, 0x0000000091e00000, 0x0000000091e00000|100%| O|  |TAMS 0x0000000091d00000| PB 0x0000000091d00000| Untracked 
| 210|0x0000000091e00000, 0x0000000091f00000, 0x0000000091f00000|100%| O|  |TAMS 0x0000000091e00000| PB 0x0000000091e00000| Untracked 
| 211|0x0000000091f00000, 0x0000000092000000, 0x0000000092000000|100%| O|  |TAMS 0x0000000091f00000| PB 0x0000000091f00000| Untracked 
| 212|0x0000000092000000, 0x0000000092100000, 0x0000000092100000|100%| O|  |TAMS 0x0000000092000000| PB 0x0000000092000000| Untracked 
| 213|0x0000000092100000, 0x0000000092200000, 0x0000000092200000|100%| O|  |TAMS 0x0000000092100000| PB 0x0000000092100000| Untracked 
| 214|0x0000000092200000, 0x0000000092300000, 0x0000000092300000|100%| O|  |TAMS 0x0000000092200000| PB 0x0000000092200000| Untracked 
| 215|0x0000000092300000, 0x0000000092400000, 0x0000000092400000|100%| O|  |TAMS 0x0000000092300000| PB 0x0000000092300000| Untracked 
| 216|0x0000000092400000, 0x0000000092500000, 0x0000000092500000|100%| O|  |TAMS 0x0000000092400000| PB 0x0000000092400000| Untracked 
| 217|0x0000000092500000, 0x0000000092600000, 0x0000000092600000|100%| O|  |TAMS 0x0000000092500000| PB 0x0000000092500000| Untracked 
| 218|0x0000000092600000, 0x0000000092700000, 0x0000000092700000|100%| O|  |TAMS 0x0000000092600000| PB 0x0000000092600000| Untracked 
| 219|0x0000000092700000, 0x0000000092800000, 0x0000000092800000|100%| O|  |TAMS 0x0000000092700000| PB 0x0000000092700000| Untracked 
| 220|0x0000000092800000, 0x0000000092800000, 0x0000000092900000|  0%| F|  |TAMS 0x0000000092800000| PB 0x0000000092800000| Untracked 
| 221|0x0000000092900000, 0x0000000092a00000, 0x0000000092a00000|100%| O|  |TAMS 0x0000000092900000| PB 0x0000000092900000| Untracked 
| 222|0x0000000092a00000, 0x0000000092b00000, 0x0000000092b00000|100%| O|  |TAMS 0x0000000092a00000| PB 0x0000000092a00000| Untracked 
| 223|0x0000000092b00000, 0x0000000092c00000, 0x0000000092c00000|100%| O|  |TAMS 0x0000000092b00000| PB 0x0000000092b00000| Untracked 
| 224|0x0000000092c00000, 0x0000000092d00000, 0x0000000092d00000|100%| O|  |TAMS 0x0000000092c00000| PB 0x0000000092c00000| Untracked 
| 225|0x0000000092d00000, 0x0000000092e00000, 0x0000000092e00000|100%| O|  |TAMS 0x0000000092d00000| PB 0x0000000092d00000| Untracked 
| 226|0x0000000092e00000, 0x0000000092f00000, 0x0000000092f00000|100%| O|  |TAMS 0x0000000092e00000| PB 0x0000000092e00000| Untracked 
| 227|0x0000000092f00000, 0x0000000093000000, 0x0000000093000000|100%| O|  |TAMS 0x0000000092f00000| PB 0x0000000092f00000| Untracked 
| 228|0x0000000093000000, 0x0000000093100000, 0x0000000093100000|100%| O|  |TAMS 0x0000000093000000| PB 0x0000000093000000| Untracked 
| 229|0x0000000093100000, 0x0000000093200000, 0x0000000093200000|100%| O|  |TAMS 0x0000000093100000| PB 0x0000000093100000| Untracked 
| 230|0x0000000093200000, 0x0000000093300000, 0x0000000093300000|100%| O|  |TAMS 0x0000000093200000| PB 0x0000000093200000| Untracked 
| 231|0x0000000093300000, 0x0000000093400000, 0x0000000093400000|100%| O|  |TAMS 0x0000000093300000| PB 0x0000000093300000| Untracked 
| 232|0x0000000093400000, 0x0000000093400000, 0x0000000093500000|  0%| F|  |TAMS 0x0000000093400000| PB 0x0000000093400000| Untracked 
| 233|0x0000000093500000, 0x0000000093600000, 0x0000000093600000|100%| O|  |TAMS 0x0000000093500000| PB 0x0000000093500000| Untracked 
| 234|0x0000000093600000, 0x0000000093700000, 0x0000000093700000|100%| O|  |TAMS 0x0000000093600000| PB 0x0000000093600000| Untracked 
| 235|0x0000000093700000, 0x0000000093800000, 0x0000000093800000|100%|HS|  |TAMS 0x0000000093700000| PB 0x0000000093700000| Complete 
| 236|0x0000000093800000, 0x0000000093900000, 0x0000000093900000|100%|HC|  |TAMS 0x0000000093800000| PB 0x0000000093800000| Complete 
| 237|0x0000000093900000, 0x0000000093a00000, 0x0000000093a00000|100%|HC|  |TAMS 0x0000000093900000| PB 0x0000000093900000| Complete 
| 238|0x0000000093a00000, 0x0000000093b00000, 0x0000000093b00000|100%|HC|  |TAMS 0x0000000093a00000| PB 0x0000000093a00000| Complete 
| 239|0x0000000093b00000, 0x0000000093c00000, 0x0000000093c00000|100%| O|  |TAMS 0x0000000093b00000| PB 0x0000000093b00000| Untracked 
| 240|0x0000000093c00000, 0x0000000093d00000, 0x0000000093d00000|100%| O|  |TAMS 0x0000000093c00000| PB 0x0000000093c00000| Untracked 
| 241|0x0000000093d00000, 0x0000000093e00000, 0x0000000093e00000|100%| O|  |TAMS 0x0000000093d00000| PB 0x0000000093d00000| Untracked 
| 242|0x0000000093e00000, 0x0000000093e00000, 0x0000000093f00000|  0%| F|  |TAMS 0x0000000093e00000| PB 0x0000000093e00000| Untracked 
| 243|0x0000000093f00000, 0x0000000094000000, 0x0000000094000000|100%| O|  |TAMS 0x0000000093f00000| PB 0x0000000093f00000| Untracked 
| 244|0x0000000094000000, 0x0000000094100000, 0x0000000094100000|100%| O|  |TAMS 0x0000000094000000| PB 0x0000000094000000| Untracked 
| 245|0x0000000094100000, 0x0000000094100000, 0x0000000094200000|  0%| F|  |TAMS 0x0000000094100000| PB 0x0000000094100000| Untracked 
| 246|0x0000000094200000, 0x0000000094300000, 0x0000000094300000|100%| O|  |TAMS 0x0000000094200000| PB 0x0000000094200000| Untracked 
| 247|0x0000000094300000, 0x0000000094400000, 0x0000000094400000|100%| O|  |TAMS 0x0000000094300000| PB 0x0000000094300000| Untracked 
| 248|0x0000000094400000, 0x0000000094500000, 0x0000000094500000|100%| O|  |TAMS 0x0000000094400000| PB 0x0000000094400000| Untracked 
| 249|0x0000000094500000, 0x0000000094600000, 0x0000000094600000|100%| O|  |TAMS 0x0000000094500000| PB 0x0000000094500000| Untracked 
| 250|0x0000000094600000, 0x0000000094700000, 0x0000000094700000|100%| O|  |TAMS 0x0000000094600000| PB 0x0000000094600000| Untracked 
| 251|0x0000000094700000, 0x0000000094800000, 0x0000000094800000|100%| O|  |TAMS 0x0000000094700000| PB 0x0000000094700000| Untracked 
| 252|0x0000000094800000, 0x0000000094900000, 0x0000000094900000|100%| O|  |TAMS 0x0000000094800000| PB 0x0000000094800000| Untracked 
| 253|0x0000000094900000, 0x0000000094a00000, 0x0000000094a00000|100%| O|  |TAMS 0x0000000094900000| PB 0x0000000094900000| Untracked 
| 254|0x0000000094a00000, 0x0000000094b00000, 0x0000000094b00000|100%| O|  |TAMS 0x0000000094a00000| PB 0x0000000094a00000| Untracked 
| 255|0x0000000094b00000, 0x0000000094c00000, 0x0000000094c00000|100%| O|  |TAMS 0x0000000094b00000| PB 0x0000000094b00000| Untracked 
| 256|0x0000000094c00000, 0x0000000094d00000, 0x0000000094d00000|100%| O|  |TAMS 0x0000000094c00000| PB 0x0000000094c00000| Untracked 
| 257|0x0000000094d00000, 0x0000000094e00000, 0x0000000094e00000|100%| O|  |TAMS 0x0000000094d00000| PB 0x0000000094d00000| Untracked 
| 258|0x0000000094e00000, 0x0000000094f00000, 0x0000000094f00000|100%| O|  |TAMS 0x0000000094e00000| PB 0x0000000094e00000| Untracked 
| 259|0x0000000094f00000, 0x0000000095000000, 0x0000000095000000|100%| O|  |TAMS 0x0000000094f00000| PB 0x0000000094f00000| Untracked 
| 260|0x0000000095000000, 0x0000000095100000, 0x0000000095100000|100%| O|  |TAMS 0x0000000095000000| PB 0x0000000095000000| Untracked 
| 261|0x0000000095100000, 0x0000000095200000, 0x0000000095200000|100%| O|  |TAMS 0x0000000095100000| PB 0x0000000095100000| Untracked 
| 262|0x0000000095200000, 0x0000000095300000, 0x0000000095300000|100%| O|  |TAMS 0x0000000095200000| PB 0x0000000095200000| Untracked 
| 263|0x0000000095300000, 0x0000000095400000, 0x0000000095400000|100%| O|  |TAMS 0x0000000095300000| PB 0x0000000095300000| Untracked 
| 264|0x0000000095400000, 0x0000000095500000, 0x0000000095500000|100%| O|  |TAMS 0x0000000095400000| PB 0x0000000095400000| Untracked 
| 265|0x0000000095500000, 0x0000000095600000, 0x0000000095600000|100%| O|  |TAMS 0x0000000095500000| PB 0x0000000095500000| Untracked 
| 266|0x0000000095600000, 0x0000000095700000, 0x0000000095700000|100%| O|  |TAMS 0x0000000095600000| PB 0x0000000095600000| Untracked 
| 267|0x0000000095700000, 0x0000000095800000, 0x0000000095800000|100%| O|  |TAMS 0x0000000095700000| PB 0x0000000095700000| Untracked 
| 268|0x0000000095800000, 0x0000000095900000, 0x0000000095900000|100%| O|  |TAMS 0x0000000095800000| PB 0x0000000095800000| Untracked 
| 269|0x0000000095900000, 0x0000000095a00000, 0x0000000095a00000|100%| O|  |TAMS 0x0000000095900000| PB 0x0000000095900000| Untracked 
| 270|0x0000000095a00000, 0x0000000095b00000, 0x0000000095b00000|100%| O|  |TAMS 0x0000000095a00000| PB 0x0000000095a00000| Untracked 
| 271|0x0000000095b00000, 0x0000000095c00000, 0x0000000095c00000|100%| O|  |TAMS 0x0000000095b00000| PB 0x0000000095b00000| Untracked 
| 272|0x0000000095c00000, 0x0000000095d00000, 0x0000000095d00000|100%| O|  |TAMS 0x0000000095c00000| PB 0x0000000095c00000| Untracked 
| 273|0x0000000095d00000, 0x0000000095e00000, 0x0000000095e00000|100%| O|  |TAMS 0x0000000095d00000| PB 0x0000000095d00000| Untracked 
| 274|0x0000000095e00000, 0x0000000095f00000, 0x0000000095f00000|100%| O|  |TAMS 0x0000000095e00000| PB 0x0000000095e00000| Untracked 
| 275|0x0000000095f00000, 0x0000000096000000, 0x0000000096000000|100%| O|  |TAMS 0x0000000095f00000| PB 0x0000000095f00000| Untracked 
| 276|0x0000000096000000, 0x0000000096100000, 0x0000000096100000|100%| O|  |TAMS 0x0000000096000000| PB 0x0000000096000000| Untracked 
| 277|0x0000000096100000, 0x0000000096200000, 0x0000000096200000|100%| O|  |TAMS 0x0000000096100000| PB 0x0000000096100000| Untracked 
| 278|0x0000000096200000, 0x0000000096300000, 0x0000000096300000|100%| O|  |TAMS 0x0000000096200000| PB 0x0000000096200000| Untracked 
| 279|0x0000000096300000, 0x0000000096400000, 0x0000000096400000|100%| O|  |TAMS 0x0000000096300000| PB 0x0000000096300000| Untracked 
| 280|0x0000000096400000, 0x0000000096500000, 0x0000000096500000|100%| O|  |TAMS 0x0000000096400000| PB 0x0000000096400000| Untracked 
| 281|0x0000000096500000, 0x0000000096600000, 0x0000000096600000|100%| O|  |TAMS 0x0000000096500000| PB 0x0000000096500000| Untracked 
| 282|0x0000000096600000, 0x0000000096700000, 0x0000000096700000|100%| O|  |TAMS 0x0000000096600000| PB 0x0000000096600000| Untracked 
| 283|0x0000000096700000, 0x0000000096800000, 0x0000000096800000|100%| O|  |TAMS 0x0000000096700000| PB 0x0000000096700000| Untracked 
| 284|0x0000000096800000, 0x0000000096900000, 0x0000000096900000|100%| O|  |TAMS 0x0000000096800000| PB 0x0000000096800000| Untracked 
| 285|0x0000000096900000, 0x0000000096a00000, 0x0000000096a00000|100%| O|  |TAMS 0x0000000096900000| PB 0x0000000096900000| Untracked 
| 286|0x0000000096a00000, 0x0000000096b00000, 0x0000000096b00000|100%| O|  |TAMS 0x0000000096a00000| PB 0x0000000096a00000| Untracked 
| 287|0x0000000096b00000, 0x0000000096c00000, 0x0000000096c00000|100%| O|  |TAMS 0x0000000096b00000| PB 0x0000000096b00000| Untracked 
| 288|0x0000000096c00000, 0x0000000096d00000, 0x0000000096d00000|100%| O|  |TAMS 0x0000000096c00000| PB 0x0000000096c00000| Untracked 
| 289|0x0000000096d00000, 0x0000000096e00000, 0x0000000096e00000|100%| O|  |TAMS 0x0000000096d00000| PB 0x0000000096d00000| Untracked 
| 290|0x0000000096e00000, 0x0000000096f00000, 0x0000000096f00000|100%| O|  |TAMS 0x0000000096e00000| PB 0x0000000096e00000| Untracked 
| 291|0x0000000096f00000, 0x0000000097000000, 0x0000000097000000|100%| O|  |TAMS 0x0000000096f00000| PB 0x0000000096f00000| Untracked 
| 292|0x0000000097000000, 0x0000000097100000, 0x0000000097100000|100%| O|  |TAMS 0x0000000097000000| PB 0x0000000097000000| Untracked 
| 293|0x0000000097100000, 0x0000000097200000, 0x0000000097200000|100%| O|  |TAMS 0x0000000097100000| PB 0x0000000097100000| Untracked 
| 294|0x0000000097200000, 0x0000000097300000, 0x0000000097300000|100%| O|  |TAMS 0x0000000097200000| PB 0x0000000097200000| Untracked 
| 295|0x0000000097300000, 0x0000000097400000, 0x0000000097400000|100%| O|  |TAMS 0x0000000097300000| PB 0x0000000097300000| Untracked 
| 296|0x0000000097400000, 0x0000000097500000, 0x0000000097500000|100%| O|  |TAMS 0x0000000097400000| PB 0x0000000097400000| Untracked 
| 297|0x0000000097500000, 0x0000000097600000, 0x0000000097600000|100%| O|  |TAMS 0x0000000097500000| PB 0x0000000097500000| Untracked 
| 298|0x0000000097600000, 0x0000000097700000, 0x0000000097700000|100%| O|  |TAMS 0x0000000097600000| PB 0x0000000097600000| Untracked 
| 299|0x0000000097700000, 0x0000000097800000, 0x0000000097800000|100%| O|  |TAMS 0x0000000097700000| PB 0x0000000097700000| Untracked 
| 300|0x0000000097800000, 0x0000000097900000, 0x0000000097900000|100%| O|  |TAMS 0x0000000097800000| PB 0x0000000097800000| Untracked 
| 301|0x0000000097900000, 0x0000000097a00000, 0x0000000097a00000|100%| O|  |TAMS 0x0000000097900000| PB 0x0000000097900000| Untracked 
| 302|0x0000000097a00000, 0x0000000097b00000, 0x0000000097b00000|100%| O|  |TAMS 0x0000000097a00000| PB 0x0000000097a00000| Untracked 
| 303|0x0000000097b00000, 0x0000000097c00000, 0x0000000097c00000|100%| O|  |TAMS 0x0000000097b00000| PB 0x0000000097b00000| Untracked 
| 304|0x0000000097c00000, 0x0000000097d00000, 0x0000000097d00000|100%| O|  |TAMS 0x0000000097c00000| PB 0x0000000097c00000| Untracked 
| 305|0x0000000097d00000, 0x0000000097e00000, 0x0000000097e00000|100%| O|  |TAMS 0x0000000097d00000| PB 0x0000000097d00000| Untracked 
| 306|0x0000000097e00000, 0x0000000097f00000, 0x0000000097f00000|100%| O|  |TAMS 0x0000000097e00000| PB 0x0000000097e00000| Untracked 
| 307|0x0000000097f00000, 0x0000000097f00000, 0x0000000098000000|  0%| F|  |TAMS 0x0000000097f00000| PB 0x0000000097f00000| Untracked 
| 308|0x0000000098000000, 0x0000000098000000, 0x0000000098100000|  0%| F|  |TAMS 0x0000000098000000| PB 0x0000000098000000| Untracked 
| 309|0x0000000098100000, 0x0000000098200000, 0x0000000098200000|100%| O|  |TAMS 0x0000000098100000| PB 0x0000000098100000| Untracked 
| 310|0x0000000098200000, 0x0000000098300000, 0x0000000098300000|100%| O|  |TAMS 0x0000000098200000| PB 0x0000000098200000| Untracked 
| 311|0x0000000098300000, 0x0000000098400000, 0x0000000098400000|100%| O|  |TAMS 0x0000000098300000| PB 0x0000000098300000| Untracked 
| 312|0x0000000098400000, 0x0000000098500000, 0x0000000098500000|100%| O|  |TAMS 0x0000000098400000| PB 0x0000000098400000| Untracked 
| 313|0x0000000098500000, 0x0000000098600000, 0x0000000098600000|100%| O|  |TAMS 0x0000000098500000| PB 0x0000000098500000| Untracked 
| 314|0x0000000098600000, 0x0000000098700000, 0x0000000098700000|100%| O|  |TAMS 0x0000000098600000| PB 0x0000000098600000| Untracked 
| 315|0x0000000098700000, 0x0000000098800000, 0x0000000098800000|100%| O|  |TAMS 0x0000000098700000| PB 0x0000000098700000| Untracked 
| 316|0x0000000098800000, 0x0000000098900000, 0x0000000098900000|100%| O|  |TAMS 0x0000000098800000| PB 0x0000000098800000| Untracked 
| 317|0x0000000098900000, 0x0000000098a00000, 0x0000000098a00000|100%| O|  |TAMS 0x0000000098900000| PB 0x0000000098900000| Untracked 
| 318|0x0000000098a00000, 0x0000000098b00000, 0x0000000098b00000|100%| O|  |TAMS 0x0000000098a00000| PB 0x0000000098a00000| Untracked 
| 319|0x0000000098b00000, 0x0000000098c00000, 0x0000000098c00000|100%| O|  |TAMS 0x0000000098b00000| PB 0x0000000098b00000| Untracked 
| 320|0x0000000098c00000, 0x0000000098d00000, 0x0000000098d00000|100%| O|  |TAMS 0x0000000098c00000| PB 0x0000000098c00000| Untracked 
| 321|0x0000000098d00000, 0x0000000098e00000, 0x0000000098e00000|100%| O|  |TAMS 0x0000000098d00000| PB 0x0000000098d00000| Untracked 
| 322|0x0000000098e00000, 0x0000000098f00000, 0x0000000098f00000|100%| O|  |TAMS 0x0000000098e00000| PB 0x0000000098e00000| Untracked 
| 323|0x0000000098f00000, 0x0000000099000000, 0x0000000099000000|100%| O|  |TAMS 0x0000000098f00000| PB 0x0000000098f00000| Untracked 
| 324|0x0000000099000000, 0x0000000099100000, 0x0000000099100000|100%| O|  |TAMS 0x0000000099000000| PB 0x0000000099000000| Untracked 
| 325|0x0000000099100000, 0x0000000099200000, 0x0000000099200000|100%| O|  |TAMS 0x0000000099100000| PB 0x0000000099100000| Untracked 
| 326|0x0000000099200000, 0x0000000099300000, 0x0000000099300000|100%| O|  |TAMS 0x0000000099200000| PB 0x0000000099200000| Untracked 
| 327|0x0000000099300000, 0x0000000099400000, 0x0000000099400000|100%| O|  |TAMS 0x0000000099300000| PB 0x0000000099300000| Untracked 
| 328|0x0000000099400000, 0x0000000099500000, 0x0000000099500000|100%| O|  |TAMS 0x0000000099400000| PB 0x0000000099400000| Untracked 
| 329|0x0000000099500000, 0x0000000099600000, 0x0000000099600000|100%| O|  |TAMS 0x0000000099500000| PB 0x0000000099500000| Untracked 
| 330|0x0000000099600000, 0x0000000099700000, 0x0000000099700000|100%| O|  |TAMS 0x0000000099600000| PB 0x0000000099600000| Untracked 
| 331|0x0000000099700000, 0x0000000099800000, 0x0000000099800000|100%| O|  |TAMS 0x0000000099700000| PB 0x0000000099700000| Untracked 
| 332|0x0000000099800000, 0x0000000099900000, 0x0000000099900000|100%| O|  |TAMS 0x0000000099800000| PB 0x0000000099800000| Untracked 
| 333|0x0000000099900000, 0x0000000099a00000, 0x0000000099a00000|100%| O|  |TAMS 0x0000000099900000| PB 0x0000000099900000| Untracked 
| 334|0x0000000099a00000, 0x0000000099b00000, 0x0000000099b00000|100%| O|  |TAMS 0x0000000099a00000| PB 0x0000000099a00000| Untracked 
| 335|0x0000000099b00000, 0x0000000099c00000, 0x0000000099c00000|100%| O|  |TAMS 0x0000000099b00000| PB 0x0000000099b00000| Untracked 
| 336|0x0000000099c00000, 0x0000000099c00000, 0x0000000099d00000|  0%| F|  |TAMS 0x0000000099c00000| PB 0x0000000099c00000| Untracked 
| 337|0x0000000099d00000, 0x0000000099d00000, 0x0000000099e00000|  0%| F|  |TAMS 0x0000000099d00000| PB 0x0000000099d00000| Untracked 
| 338|0x0000000099e00000, 0x0000000099f00000, 0x0000000099f00000|100%| O|  |TAMS 0x0000000099e00000| PB 0x0000000099e00000| Untracked 
| 339|0x0000000099f00000, 0x000000009a000000, 0x000000009a000000|100%| O|  |TAMS 0x0000000099f00000| PB 0x0000000099f00000| Untracked 
| 340|0x000000009a000000, 0x000000009a100000, 0x000000009a100000|100%| O|  |TAMS 0x000000009a000000| PB 0x000000009a000000| Untracked 
| 341|0x000000009a100000, 0x000000009a200000, 0x000000009a200000|100%| O|  |TAMS 0x000000009a100000| PB 0x000000009a100000| Untracked 
| 342|0x000000009a200000, 0x000000009a300000, 0x000000009a300000|100%| O|  |TAMS 0x000000009a200000| PB 0x000000009a200000| Untracked 
| 343|0x000000009a300000, 0x000000009a400000, 0x000000009a400000|100%| O|  |TAMS 0x000000009a300000| PB 0x000000009a300000| Untracked 
| 344|0x000000009a400000, 0x000000009a500000, 0x000000009a500000|100%| O|  |TAMS 0x000000009a400000| PB 0x000000009a400000| Untracked 
| 345|0x000000009a500000, 0x000000009a600000, 0x000000009a600000|100%| O|  |TAMS 0x000000009a500000| PB 0x000000009a500000| Untracked 
| 346|0x000000009a600000, 0x000000009a700000, 0x000000009a700000|100%| O|  |TAMS 0x000000009a600000| PB 0x000000009a600000| Untracked 
| 347|0x000000009a700000, 0x000000009a800000, 0x000000009a800000|100%| O|  |TAMS 0x000000009a700000| PB 0x000000009a700000| Untracked 
| 348|0x000000009a800000, 0x000000009a900000, 0x000000009a900000|100%| O|  |TAMS 0x000000009a800000| PB 0x000000009a800000| Untracked 
| 349|0x000000009a900000, 0x000000009aa00000, 0x000000009aa00000|100%| O|  |TAMS 0x000000009a900000| PB 0x000000009a900000| Untracked 
| 350|0x000000009aa00000, 0x000000009ab00000, 0x000000009ab00000|100%| O|  |TAMS 0x000000009aa00000| PB 0x000000009aa00000| Untracked 
| 351|0x000000009ab00000, 0x000000009ac00000, 0x000000009ac00000|100%| O|  |TAMS 0x000000009ab00000| PB 0x000000009ab00000| Untracked 
| 352|0x000000009ac00000, 0x000000009ad00000, 0x000000009ad00000|100%| O|  |TAMS 0x000000009ac00000| PB 0x000000009ac00000| Untracked 
| 353|0x000000009ad00000, 0x000000009ae00000, 0x000000009ae00000|100%| O|  |TAMS 0x000000009ad00000| PB 0x000000009ad00000| Untracked 
| 354|0x000000009ae00000, 0x000000009af00000, 0x000000009af00000|100%| O|  |TAMS 0x000000009ae00000| PB 0x000000009ae00000| Untracked 
| 355|0x000000009af00000, 0x000000009af00000, 0x000000009b000000|  0%| F|  |TAMS 0x000000009af00000| PB 0x000000009af00000| Untracked 
| 356|0x000000009b000000, 0x000000009b000000, 0x000000009b100000|  0%| F|  |TAMS 0x000000009b000000| PB 0x000000009b000000| Untracked 
| 357|0x000000009b100000, 0x000000009b200000, 0x000000009b200000|100%| O|  |TAMS 0x000000009b100000| PB 0x000000009b100000| Untracked 
| 358|0x000000009b200000, 0x000000009b300000, 0x000000009b300000|100%| O|  |TAMS 0x000000009b200000| PB 0x000000009b200000| Untracked 
| 359|0x000000009b300000, 0x000000009b400000, 0x000000009b400000|100%| O|  |TAMS 0x000000009b300000| PB 0x000000009b300000| Untracked 
| 360|0x000000009b400000, 0x000000009b500000, 0x000000009b500000|100%|HS|  |TAMS 0x000000009b400000| PB 0x000000009b400000| Complete 
| 361|0x000000009b500000, 0x000000009b600000, 0x000000009b600000|100%|HS|  |TAMS 0x000000009b500000| PB 0x000000009b500000| Complete 
| 362|0x000000009b600000, 0x000000009b700000, 0x000000009b700000|100%|HS|  |TAMS 0x000000009b600000| PB 0x000000009b600000| Complete 
| 363|0x000000009b700000, 0x000000009b800000, 0x000000009b800000|100%|HS|  |TAMS 0x000000009b700000| PB 0x000000009b700000| Complete 
| 364|0x000000009b800000, 0x000000009b900000, 0x000000009b900000|100%|HS|  |TAMS 0x000000009b800000| PB 0x000000009b800000| Complete 
| 365|0x000000009b900000, 0x000000009ba00000, 0x000000009ba00000|100%| O|  |TAMS 0x000000009b900000| PB 0x000000009b900000| Untracked 
| 366|0x000000009ba00000, 0x000000009bb00000, 0x000000009bb00000|100%| O|  |TAMS 0x000000009ba00000| PB 0x000000009ba00000| Untracked 
| 367|0x000000009bb00000, 0x000000009bc00000, 0x000000009bc00000|100%| O|  |TAMS 0x000000009bb00000| PB 0x000000009bb00000| Untracked 
| 368|0x000000009bc00000, 0x000000009bd00000, 0x000000009bd00000|100%| O|  |TAMS 0x000000009bc00000| PB 0x000000009bc00000| Untracked 
| 369|0x000000009bd00000, 0x000000009be00000, 0x000000009be00000|100%| O|  |TAMS 0x000000009bd00000| PB 0x000000009bd00000| Untracked 
| 370|0x000000009be00000, 0x000000009bf00000, 0x000000009bf00000|100%| O|  |TAMS 0x000000009be00000| PB 0x000000009be00000| Untracked 
| 371|0x000000009bf00000, 0x000000009c000000, 0x000000009c000000|100%| O|  |TAMS 0x000000009bf00000| PB 0x000000009bf00000| Untracked 
| 372|0x000000009c000000, 0x000000009c100000, 0x000000009c100000|100%| O|  |TAMS 0x000000009c000000| PB 0x000000009c000000| Untracked 
| 373|0x000000009c100000, 0x000000009c200000, 0x000000009c200000|100%| O|  |TAMS 0x000000009c100000| PB 0x000000009c100000| Untracked 
| 374|0x000000009c200000, 0x000000009c300000, 0x000000009c300000|100%| O|  |TAMS 0x000000009c200000| PB 0x000000009c200000| Untracked 
| 375|0x000000009c300000, 0x000000009c400000, 0x000000009c400000|100%| O|  |TAMS 0x000000009c300000| PB 0x000000009c300000| Untracked 
| 376|0x000000009c400000, 0x000000009c500000, 0x000000009c500000|100%|HS|  |TAMS 0x000000009c400000| PB 0x000000009c400000| Complete 
| 377|0x000000009c500000, 0x000000009c600000, 0x000000009c600000|100%|HC|  |TAMS 0x000000009c500000| PB 0x000000009c500000| Complete 
| 378|0x000000009c600000, 0x000000009c700000, 0x000000009c700000|100%|HS|  |TAMS 0x000000009c600000| PB 0x000000009c600000| Complete 
| 379|0x000000009c700000, 0x000000009c800000, 0x000000009c800000|100%|HC|  |TAMS 0x000000009c700000| PB 0x000000009c700000| Complete 
| 380|0x000000009c800000, 0x000000009c900000, 0x000000009c900000|100%|HS|  |TAMS 0x000000009c800000| PB 0x000000009c800000| Complete 
| 381|0x000000009c900000, 0x000000009ca00000, 0x000000009ca00000|100%|HS|  |TAMS 0x000000009c900000| PB 0x000000009c900000| Complete 
| 382|0x000000009ca00000, 0x000000009cb00000, 0x000000009cb00000|100%|HS|  |TAMS 0x000000009ca00000| PB 0x000000009ca00000| Complete 
| 383|0x000000009cb00000, 0x000000009cc00000, 0x000000009cc00000|100%|HS|  |TAMS 0x000000009cb00000| PB 0x000000009cb00000| Complete 
| 384|0x000000009cc00000, 0x000000009cd00000, 0x000000009cd00000|100%| O|  |TAMS 0x000000009cc00000| PB 0x000000009cc00000| Untracked 
| 385|0x000000009cd00000, 0x000000009ce00000, 0x000000009ce00000|100%| O|  |TAMS 0x000000009cd00000| PB 0x000000009cd00000| Untracked 
| 386|0x000000009ce00000, 0x000000009cf00000, 0x000000009cf00000|100%| O|  |TAMS 0x000000009ce00000| PB 0x000000009ce00000| Untracked 
| 387|0x000000009cf00000, 0x000000009d000000, 0x000000009d000000|100%| O|  |TAMS 0x000000009cf00000| PB 0x000000009cf00000| Untracked 
| 388|0x000000009d000000, 0x000000009d100000, 0x000000009d100000|100%| O|  |TAMS 0x000000009d000000| PB 0x000000009d000000| Untracked 
| 389|0x000000009d100000, 0x000000009d200000, 0x000000009d200000|100%| O|  |TAMS 0x000000009d100000| PB 0x000000009d100000| Untracked 
| 390|0x000000009d200000, 0x000000009d300000, 0x000000009d300000|100%| O|  |TAMS 0x000000009d200000| PB 0x000000009d200000| Untracked 
| 391|0x000000009d300000, 0x000000009d400000, 0x000000009d400000|100%| O|  |TAMS 0x000000009d300000| PB 0x000000009d300000| Untracked 
| 392|0x000000009d400000, 0x000000009d500000, 0x000000009d500000|100%| O|  |TAMS 0x000000009d400000| PB 0x000000009d400000| Untracked 
| 393|0x000000009d500000, 0x000000009d600000, 0x000000009d600000|100%| O|  |TAMS 0x000000009d500000| PB 0x000000009d500000| Untracked 
| 394|0x000000009d600000, 0x000000009d700000, 0x000000009d700000|100%| O|  |TAMS 0x000000009d600000| PB 0x000000009d600000| Untracked 
| 395|0x000000009d700000, 0x000000009d800000, 0x000000009d800000|100%| O|  |TAMS 0x000000009d700000| PB 0x000000009d700000| Untracked 
| 396|0x000000009d800000, 0x000000009d900000, 0x000000009d900000|100%| O|  |TAMS 0x000000009d800000| PB 0x000000009d800000| Untracked 
| 397|0x000000009d900000, 0x000000009da00000, 0x000000009da00000|100%| O|  |TAMS 0x000000009d900000| PB 0x000000009d900000| Untracked 
| 398|0x000000009da00000, 0x000000009db00000, 0x000000009db00000|100%| O|  |TAMS 0x000000009da00000| PB 0x000000009da00000| Untracked 
| 399|0x000000009db00000, 0x000000009dc00000, 0x000000009dc00000|100%|HS|  |TAMS 0x000000009db00000| PB 0x000000009db00000| Complete 
| 400|0x000000009dc00000, 0x000000009dd00000, 0x000000009dd00000|100%|HS|  |TAMS 0x000000009dc00000| PB 0x000000009dc00000| Complete 
| 401|0x000000009dd00000, 0x000000009de00000, 0x000000009de00000|100%| O|  |TAMS 0x000000009dd00000| PB 0x000000009dd00000| Untracked 
| 402|0x000000009de00000, 0x000000009df00000, 0x000000009df00000|100%| O|  |TAMS 0x000000009de00000| PB 0x000000009de00000| Untracked 
| 403|0x000000009df00000, 0x000000009e000000, 0x000000009e000000|100%| O|  |TAMS 0x000000009df00000| PB 0x000000009df00000| Untracked 
| 404|0x000000009e000000, 0x000000009e100000, 0x000000009e100000|100%| O|  |TAMS 0x000000009e000000| PB 0x000000009e000000| Untracked 
| 405|0x000000009e100000, 0x000000009e200000, 0x000000009e200000|100%| O|  |TAMS 0x000000009e100000| PB 0x000000009e100000| Untracked 
| 406|0x000000009e200000, 0x000000009e300000, 0x000000009e300000|100%| O|  |TAMS 0x000000009e200000| PB 0x000000009e200000| Untracked 
| 407|0x000000009e300000, 0x000000009e400000, 0x000000009e400000|100%| O|  |TAMS 0x000000009e300000| PB 0x000000009e300000| Untracked 
| 408|0x000000009e400000, 0x000000009e500000, 0x000000009e500000|100%| O|  |TAMS 0x000000009e400000| PB 0x000000009e400000| Untracked 
| 409|0x000000009e500000, 0x000000009e600000, 0x000000009e600000|100%| O|  |TAMS 0x000000009e500000| PB 0x000000009e500000| Untracked 
| 410|0x000000009e600000, 0x000000009e700000, 0x000000009e700000|100%| O|  |TAMS 0x000000009e600000| PB 0x000000009e600000| Untracked 
| 411|0x000000009e700000, 0x000000009e800000, 0x000000009e800000|100%| O|  |TAMS 0x000000009e700000| PB 0x000000009e700000| Untracked 
| 412|0x000000009e800000, 0x000000009e900000, 0x000000009e900000|100%| O|  |TAMS 0x000000009e800000| PB 0x000000009e800000| Untracked 
| 413|0x000000009e900000, 0x000000009ea00000, 0x000000009ea00000|100%| O|  |TAMS 0x000000009e900000| PB 0x000000009e900000| Untracked 
| 414|0x000000009ea00000, 0x000000009eb00000, 0x000000009eb00000|100%| O|  |TAMS 0x000000009ea00000| PB 0x000000009ea00000| Untracked 
| 415|0x000000009eb00000, 0x000000009ec00000, 0x000000009ec00000|100%| O|  |TAMS 0x000000009eb00000| PB 0x000000009eb00000| Untracked 
| 416|0x000000009ec00000, 0x000000009ed00000, 0x000000009ed00000|100%| O|  |TAMS 0x000000009ec00000| PB 0x000000009ec00000| Untracked 
| 417|0x000000009ed00000, 0x000000009ee00000, 0x000000009ee00000|100%| O|  |TAMS 0x000000009ed00000| PB 0x000000009ed00000| Untracked 
| 418|0x000000009ee00000, 0x000000009ef00000, 0x000000009ef00000|100%| O|  |TAMS 0x000000009ee00000| PB 0x000000009ee00000| Untracked 
| 419|0x000000009ef00000, 0x000000009f000000, 0x000000009f000000|100%| O|  |TAMS 0x000000009ef00000| PB 0x000000009ef00000| Untracked 
| 420|0x000000009f000000, 0x000000009f100000, 0x000000009f100000|100%| O|  |TAMS 0x000000009f000000| PB 0x000000009f000000| Untracked 
| 421|0x000000009f100000, 0x000000009f200000, 0x000000009f200000|100%| O|  |TAMS 0x000000009f100000| PB 0x000000009f100000| Untracked 
| 422|0x000000009f200000, 0x000000009f300000, 0x000000009f300000|100%| O|  |TAMS 0x000000009f200000| PB 0x000000009f200000| Untracked 
| 423|0x000000009f300000, 0x000000009f3af7d0, 0x000000009f400000| 68%| O|  |TAMS 0x000000009f300000| PB 0x000000009f300000| Untracked 
| 424|0x000000009f400000, 0x000000009f400000, 0x000000009f500000|  0%| F|  |TAMS 0x000000009f400000| PB 0x000000009f400000| Untracked 
| 425|0x000000009f500000, 0x000000009f500000, 0x000000009f600000|  0%| F|  |TAMS 0x000000009f500000| PB 0x000000009f500000| Untracked 
| 426|0x000000009f600000, 0x000000009f600000, 0x000000009f700000|  0%| F|  |TAMS 0x000000009f600000| PB 0x000000009f600000| Untracked 
| 427|0x000000009f700000, 0x000000009f700000, 0x000000009f800000|  0%| F|  |TAMS 0x000000009f700000| PB 0x000000009f700000| Untracked 
| 428|0x000000009f800000, 0x000000009f800000, 0x000000009f900000|  0%| F|  |TAMS 0x000000009f800000| PB 0x000000009f800000| Untracked 
| 429|0x000000009f900000, 0x000000009f900000, 0x000000009fa00000|  0%| F|  |TAMS 0x000000009f900000| PB 0x000000009f900000| Untracked 
| 430|0x000000009fa00000, 0x000000009fa00000, 0x000000009fb00000|  0%| F|  |TAMS 0x000000009fa00000| PB 0x000000009fa00000| Untracked 
| 431|0x000000009fb00000, 0x000000009fb00000, 0x000000009fc00000|  0%| F|  |TAMS 0x000000009fb00000| PB 0x000000009fb00000| Untracked 
| 432|0x000000009fc00000, 0x000000009fc00000, 0x000000009fd00000|  0%| F|  |TAMS 0x000000009fc00000| PB 0x000000009fc00000| Untracked 
| 433|0x000000009fd00000, 0x000000009fd00000, 0x000000009fe00000|  0%| F|  |TAMS 0x000000009fd00000| PB 0x000000009fd00000| Untracked 
| 434|0x000000009fe00000, 0x000000009fe00000, 0x000000009ff00000|  0%| F|  |TAMS 0x000000009fe00000| PB 0x000000009fe00000| Untracked 
| 435|0x000000009ff00000, 0x000000009ff00000, 0x00000000a0000000|  0%| F|  |TAMS 0x000000009ff00000| PB 0x000000009ff00000| Untracked 
| 436|0x00000000a0000000, 0x00000000a0000000, 0x00000000a0100000|  0%| F|  |TAMS 0x00000000a0000000| PB 0x00000000a0000000| Untracked 
| 437|0x00000000a0100000, 0x00000000a0100000, 0x00000000a0200000|  0%| F|  |TAMS 0x00000000a0100000| PB 0x00000000a0100000| Untracked 
| 438|0x00000000a0200000, 0x00000000a0200000, 0x00000000a0300000|  0%| F|  |TAMS 0x00000000a0200000| PB 0x00000000a0200000| Untracked 
| 439|0x00000000a0300000, 0x00000000a0300000, 0x00000000a0400000|  0%| F|  |TAMS 0x00000000a0300000| PB 0x00000000a0300000| Untracked 
| 440|0x00000000a0400000, 0x00000000a0400000, 0x00000000a0500000|  0%| F|  |TAMS 0x00000000a0400000| PB 0x00000000a0400000| Untracked 
| 441|0x00000000a0500000, 0x00000000a0500000, 0x00000000a0600000|  0%| F|  |TAMS 0x00000000a0500000| PB 0x00000000a0500000| Untracked 
| 442|0x00000000a0600000, 0x00000000a0600000, 0x00000000a0700000|  0%| F|  |TAMS 0x00000000a0600000| PB 0x00000000a0600000| Untracked 
| 443|0x00000000a0700000, 0x00000000a0700000, 0x00000000a0800000|  0%| F|  |TAMS 0x00000000a0700000| PB 0x00000000a0700000| Untracked 
| 444|0x00000000a0800000, 0x00000000a0800000, 0x00000000a0900000|  0%| F|  |TAMS 0x00000000a0800000| PB 0x00000000a0800000| Untracked 
| 445|0x00000000a0900000, 0x00000000a0900000, 0x00000000a0a00000|  0%| F|  |TAMS 0x00000000a0900000| PB 0x00000000a0900000| Untracked 
| 446|0x00000000a0a00000, 0x00000000a0a00000, 0x00000000a0b00000|  0%| F|  |TAMS 0x00000000a0a00000| PB 0x00000000a0a00000| Untracked 
| 447|0x00000000a0b00000, 0x00000000a0b00000, 0x00000000a0c00000|  0%| F|  |TAMS 0x00000000a0b00000| PB 0x00000000a0b00000| Untracked 
| 448|0x00000000a0c00000, 0x00000000a0c00000, 0x00000000a0d00000|  0%| F|  |TAMS 0x00000000a0c00000| PB 0x00000000a0c00000| Untracked 
| 449|0x00000000a0d00000, 0x00000000a0d00000, 0x00000000a0e00000|  0%| F|  |TAMS 0x00000000a0d00000| PB 0x00000000a0d00000| Untracked 
| 450|0x00000000a0e00000, 0x00000000a0e00000, 0x00000000a0f00000|  0%| F|  |TAMS 0x00000000a0e00000| PB 0x00000000a0e00000| Untracked 
| 451|0x00000000a0f00000, 0x00000000a0f00000, 0x00000000a1000000|  0%| F|  |TAMS 0x00000000a0f00000| PB 0x00000000a0f00000| Untracked 
| 452|0x00000000a1000000, 0x00000000a1000000, 0x00000000a1100000|  0%| F|  |TAMS 0x00000000a1000000| PB 0x00000000a1000000| Untracked 
| 453|0x00000000a1100000, 0x00000000a1100000, 0x00000000a1200000|  0%| F|  |TAMS 0x00000000a1100000| PB 0x00000000a1100000| Untracked 
| 454|0x00000000a1200000, 0x00000000a1200000, 0x00000000a1300000|  0%| F|  |TAMS 0x00000000a1200000| PB 0x00000000a1200000| Untracked 
| 455|0x00000000a1300000, 0x00000000a1300000, 0x00000000a1400000|  0%| F|  |TAMS 0x00000000a1300000| PB 0x00000000a1300000| Untracked 
| 456|0x00000000a1400000, 0x00000000a1400000, 0x00000000a1500000|  0%| F|  |TAMS 0x00000000a1400000| PB 0x00000000a1400000| Untracked 
| 457|0x00000000a1500000, 0x00000000a1500000, 0x00000000a1600000|  0%| F|  |TAMS 0x00000000a1500000| PB 0x00000000a1500000| Untracked 
| 458|0x00000000a1600000, 0x00000000a1600000, 0x00000000a1700000|  0%| F|  |TAMS 0x00000000a1600000| PB 0x00000000a1600000| Untracked 
| 459|0x00000000a1700000, 0x00000000a1700000, 0x00000000a1800000|  0%| F|  |TAMS 0x00000000a1700000| PB 0x00000000a1700000| Untracked 
| 460|0x00000000a1800000, 0x00000000a1800000, 0x00000000a1900000|  0%| F|  |TAMS 0x00000000a1800000| PB 0x00000000a1800000| Untracked 
| 461|0x00000000a1900000, 0x00000000a1900000, 0x00000000a1a00000|  0%| F|  |TAMS 0x00000000a1900000| PB 0x00000000a1900000| Untracked 
| 462|0x00000000a1a00000, 0x00000000a1a00000, 0x00000000a1b00000|  0%| F|  |TAMS 0x00000000a1a00000| PB 0x00000000a1a00000| Untracked 
| 463|0x00000000a1b00000, 0x00000000a1b00000, 0x00000000a1c00000|  0%| F|  |TAMS 0x00000000a1b00000| PB 0x00000000a1b00000| Untracked 
| 464|0x00000000a1c00000, 0x00000000a1c00000, 0x00000000a1d00000|  0%| F|  |TAMS 0x00000000a1c00000| PB 0x00000000a1c00000| Untracked 
| 465|0x00000000a1d00000, 0x00000000a1d00000, 0x00000000a1e00000|  0%| F|  |TAMS 0x00000000a1d00000| PB 0x00000000a1d00000| Untracked 
| 466|0x00000000a1e00000, 0x00000000a1e00000, 0x00000000a1f00000|  0%| F|  |TAMS 0x00000000a1e00000| PB 0x00000000a1e00000| Untracked 
| 467|0x00000000a1f00000, 0x00000000a1f00000, 0x00000000a2000000|  0%| F|  |TAMS 0x00000000a1f00000| PB 0x00000000a1f00000| Untracked 
| 468|0x00000000a2000000, 0x00000000a2000000, 0x00000000a2100000|  0%| F|  |TAMS 0x00000000a2000000| PB 0x00000000a2000000| Untracked 
| 469|0x00000000a2100000, 0x00000000a2100000, 0x00000000a2200000|  0%| F|  |TAMS 0x00000000a2100000| PB 0x00000000a2100000| Untracked 
| 470|0x00000000a2200000, 0x00000000a2200000, 0x00000000a2300000|  0%| F|  |TAMS 0x00000000a2200000| PB 0x00000000a2200000| Untracked 
| 471|0x00000000a2300000, 0x00000000a2300000, 0x00000000a2400000|  0%| F|  |TAMS 0x00000000a2300000| PB 0x00000000a2300000| Untracked 
| 472|0x00000000a2400000, 0x00000000a2400000, 0x00000000a2500000|  0%| F|  |TAMS 0x00000000a2400000| PB 0x00000000a2400000| Untracked 
| 473|0x00000000a2500000, 0x00000000a256c478, 0x00000000a2600000| 42%| S|CS|TAMS 0x00000000a2500000| PB 0x00000000a2500000| Complete 
| 474|0x00000000a2600000, 0x00000000a2700000, 0x00000000a2700000|100%| S|CS|TAMS 0x00000000a2600000| PB 0x00000000a2600000| Complete 
| 475|0x00000000a2700000, 0x00000000a2800000, 0x00000000a2800000|100%| S|CS|TAMS 0x00000000a2700000| PB 0x00000000a2700000| Complete 
| 476|0x00000000a2800000, 0x00000000a2900000, 0x00000000a2900000|100%| S|CS|TAMS 0x00000000a2800000| PB 0x00000000a2800000| Complete 
| 477|0x00000000a2900000, 0x00000000a2a00000, 0x00000000a2a00000|100%| S|CS|TAMS 0x00000000a2900000| PB 0x00000000a2900000| Complete 
| 478|0x00000000a2a00000, 0x00000000a2b00000, 0x00000000a2b00000|100%| S|CS|TAMS 0x00000000a2a00000| PB 0x00000000a2a00000| Complete 
| 479|0x00000000a2b00000, 0x00000000a2c00000, 0x00000000a2c00000|100%| S|CS|TAMS 0x00000000a2b00000| PB 0x00000000a2b00000| Complete 
| 480|0x00000000a2c00000, 0x00000000a2d00000, 0x00000000a2d00000|100%| S|CS|TAMS 0x00000000a2c00000| PB 0x00000000a2c00000| Complete 
| 481|0x00000000a2d00000, 0x00000000a2d00000, 0x00000000a2e00000|  0%| F|  |TAMS 0x00000000a2d00000| PB 0x00000000a2d00000| Untracked 
| 482|0x00000000a2e00000, 0x00000000a2e00000, 0x00000000a2f00000|  0%| F|  |TAMS 0x00000000a2e00000| PB 0x00000000a2e00000| Untracked 
| 483|0x00000000a2f00000, 0x00000000a2f00000, 0x00000000a3000000|  0%| F|  |TAMS 0x00000000a2f00000| PB 0x00000000a2f00000| Untracked 
| 484|0x00000000a3000000, 0x00000000a3000000, 0x00000000a3100000|  0%| F|  |TAMS 0x00000000a3000000| PB 0x00000000a3000000| Untracked 
| 485|0x00000000a3100000, 0x00000000a3100000, 0x00000000a3200000|  0%| F|  |TAMS 0x00000000a3100000| PB 0x00000000a3100000| Untracked 
| 486|0x00000000a3200000, 0x00000000a3200000, 0x00000000a3300000|  0%| F|  |TAMS 0x00000000a3200000| PB 0x00000000a3200000| Untracked 
| 487|0x00000000a3300000, 0x00000000a3300000, 0x00000000a3400000|  0%| F|  |TAMS 0x00000000a3300000| PB 0x00000000a3300000| Untracked 
| 488|0x00000000a3400000, 0x00000000a3400000, 0x00000000a3500000|  0%| F|  |TAMS 0x00000000a3400000| PB 0x00000000a3400000| Untracked 
| 489|0x00000000a3500000, 0x00000000a3500000, 0x00000000a3600000|  0%| F|  |TAMS 0x00000000a3500000| PB 0x00000000a3500000| Untracked 
| 490|0x00000000a3600000, 0x00000000a3600000, 0x00000000a3700000|  0%| F|  |TAMS 0x00000000a3600000| PB 0x00000000a3600000| Untracked 
| 491|0x00000000a3700000, 0x00000000a3700000, 0x00000000a3800000|  0%| F|  |TAMS 0x00000000a3700000| PB 0x00000000a3700000| Untracked 
| 492|0x00000000a3800000, 0x00000000a3800000, 0x00000000a3900000|  0%| F|  |TAMS 0x00000000a3800000| PB 0x00000000a3800000| Untracked 
| 493|0x00000000a3900000, 0x00000000a3900000, 0x00000000a3a00000|  0%| F|  |TAMS 0x00000000a3900000| PB 0x00000000a3900000| Untracked 
| 494|0x00000000a3a00000, 0x00000000a3a00000, 0x00000000a3b00000|  0%| F|  |TAMS 0x00000000a3a00000| PB 0x00000000a3a00000| Untracked 
| 495|0x00000000a3b00000, 0x00000000a3b00000, 0x00000000a3c00000|  0%| F|  |TAMS 0x00000000a3b00000| PB 0x00000000a3b00000| Untracked 
| 496|0x00000000a3c00000, 0x00000000a3c00000, 0x00000000a3d00000|  0%| F|  |TAMS 0x00000000a3c00000| PB 0x00000000a3c00000| Untracked 
| 497|0x00000000a3d00000, 0x00000000a3d00000, 0x00000000a3e00000|  0%| F|  |TAMS 0x00000000a3d00000| PB 0x00000000a3d00000| Untracked 
| 498|0x00000000a3e00000, 0x00000000a3e00000, 0x00000000a3f00000|  0%| F|  |TAMS 0x00000000a3e00000| PB 0x00000000a3e00000| Untracked 
| 499|0x00000000a3f00000, 0x00000000a3f00000, 0x00000000a4000000|  0%| F|  |TAMS 0x00000000a3f00000| PB 0x00000000a3f00000| Untracked 
| 500|0x00000000a4000000, 0x00000000a4000000, 0x00000000a4100000|  0%| F|  |TAMS 0x00000000a4000000| PB 0x00000000a4000000| Untracked 
| 501|0x00000000a4100000, 0x00000000a4100000, 0x00000000a4200000|  0%| F|  |TAMS 0x00000000a4100000| PB 0x00000000a4100000| Untracked 
| 502|0x00000000a4200000, 0x00000000a4200000, 0x00000000a4300000|  0%| F|  |TAMS 0x00000000a4200000| PB 0x00000000a4200000| Untracked 
| 503|0x00000000a4300000, 0x00000000a4300000, 0x00000000a4400000|  0%| F|  |TAMS 0x00000000a4300000| PB 0x00000000a4300000| Untracked 
| 504|0x00000000a4400000, 0x00000000a4400000, 0x00000000a4500000|  0%| F|  |TAMS 0x00000000a4400000| PB 0x00000000a4400000| Untracked 
| 505|0x00000000a4500000, 0x00000000a4500000, 0x00000000a4600000|  0%| F|  |TAMS 0x00000000a4500000| PB 0x00000000a4500000| Untracked 
| 506|0x00000000a4600000, 0x00000000a4600000, 0x00000000a4700000|  0%| F|  |TAMS 0x00000000a4600000| PB 0x00000000a4600000| Untracked 
| 507|0x00000000a4700000, 0x00000000a4700000, 0x00000000a4800000|  0%| F|  |TAMS 0x00000000a4700000| PB 0x00000000a4700000| Untracked 
| 508|0x00000000a4800000, 0x00000000a4800000, 0x00000000a4900000|  0%| F|  |TAMS 0x00000000a4800000| PB 0x00000000a4800000| Untracked 
| 509|0x00000000a4900000, 0x00000000a4900000, 0x00000000a4a00000|  0%| F|  |TAMS 0x00000000a4900000| PB 0x00000000a4900000| Untracked 
| 510|0x00000000a4a00000, 0x00000000a4a00000, 0x00000000a4b00000|  0%| F|  |TAMS 0x00000000a4a00000| PB 0x00000000a4a00000| Untracked 
| 511|0x00000000a4b00000, 0x00000000a4b00000, 0x00000000a4c00000|  0%| F|  |TAMS 0x00000000a4b00000| PB 0x00000000a4b00000| Untracked 
| 512|0x00000000a4c00000, 0x00000000a4c00000, 0x00000000a4d00000|  0%| F|  |TAMS 0x00000000a4c00000| PB 0x00000000a4c00000| Untracked 
| 513|0x00000000a4d00000, 0x00000000a4d00000, 0x00000000a4e00000|  0%| F|  |TAMS 0x00000000a4d00000| PB 0x00000000a4d00000| Untracked 
| 514|0x00000000a4e00000, 0x00000000a4e00000, 0x00000000a4f00000|  0%| F|  |TAMS 0x00000000a4e00000| PB 0x00000000a4e00000| Untracked 
| 515|0x00000000a4f00000, 0x00000000a4f00000, 0x00000000a5000000|  0%| F|  |TAMS 0x00000000a4f00000| PB 0x00000000a4f00000| Untracked 
| 516|0x00000000a5000000, 0x00000000a5000000, 0x00000000a5100000|  0%| F|  |TAMS 0x00000000a5000000| PB 0x00000000a5000000| Untracked 
| 517|0x00000000a5100000, 0x00000000a5100000, 0x00000000a5200000|  0%| F|  |TAMS 0x00000000a5100000| PB 0x00000000a5100000| Untracked 
| 518|0x00000000a5200000, 0x00000000a5200000, 0x00000000a5300000|  0%| F|  |TAMS 0x00000000a5200000| PB 0x00000000a5200000| Untracked 
| 519|0x00000000a5300000, 0x00000000a5300000, 0x00000000a5400000|  0%| F|  |TAMS 0x00000000a5300000| PB 0x00000000a5300000| Untracked 
| 520|0x00000000a5400000, 0x00000000a5400000, 0x00000000a5500000|  0%| F|  |TAMS 0x00000000a5400000| PB 0x00000000a5400000| Untracked 
| 521|0x00000000a5500000, 0x00000000a5500000, 0x00000000a5600000|  0%| F|  |TAMS 0x00000000a5500000| PB 0x00000000a5500000| Untracked 
| 522|0x00000000a5600000, 0x00000000a5600000, 0x00000000a5700000|  0%| F|  |TAMS 0x00000000a5600000| PB 0x00000000a5600000| Untracked 
| 523|0x00000000a5700000, 0x00000000a5700000, 0x00000000a5800000|  0%| F|  |TAMS 0x00000000a5700000| PB 0x00000000a5700000| Untracked 
| 524|0x00000000a5800000, 0x00000000a5800000, 0x00000000a5900000|  0%| F|  |TAMS 0x00000000a5800000| PB 0x00000000a5800000| Untracked 
| 525|0x00000000a5900000, 0x00000000a5900000, 0x00000000a5a00000|  0%| F|  |TAMS 0x00000000a5900000| PB 0x00000000a5900000| Untracked 
| 526|0x00000000a5a00000, 0x00000000a5a00000, 0x00000000a5b00000|  0%| F|  |TAMS 0x00000000a5a00000| PB 0x00000000a5a00000| Untracked 
| 527|0x00000000a5b00000, 0x00000000a5b00000, 0x00000000a5c00000|  0%| F|  |TAMS 0x00000000a5b00000| PB 0x00000000a5b00000| Untracked 
| 528|0x00000000a5c00000, 0x00000000a5c00000, 0x00000000a5d00000|  0%| F|  |TAMS 0x00000000a5c00000| PB 0x00000000a5c00000| Untracked 
| 529|0x00000000a5d00000, 0x00000000a5d00000, 0x00000000a5e00000|  0%| F|  |TAMS 0x00000000a5d00000| PB 0x00000000a5d00000| Untracked 
| 530|0x00000000a5e00000, 0x00000000a5e00000, 0x00000000a5f00000|  0%| F|  |TAMS 0x00000000a5e00000| PB 0x00000000a5e00000| Untracked 
| 531|0x00000000a5f00000, 0x00000000a5f00000, 0x00000000a6000000|  0%| F|  |TAMS 0x00000000a5f00000| PB 0x00000000a5f00000| Untracked 
| 532|0x00000000a6000000, 0x00000000a6000000, 0x00000000a6100000|  0%| F|  |TAMS 0x00000000a6000000| PB 0x00000000a6000000| Untracked 
| 533|0x00000000a6100000, 0x00000000a6100000, 0x00000000a6200000|  0%| F|  |TAMS 0x00000000a6100000| PB 0x00000000a6100000| Untracked 
| 534|0x00000000a6200000, 0x00000000a6200000, 0x00000000a6300000|  0%| F|  |TAMS 0x00000000a6200000| PB 0x00000000a6200000| Untracked 
| 535|0x00000000a6300000, 0x00000000a6300000, 0x00000000a6400000|  0%| F|  |TAMS 0x00000000a6300000| PB 0x00000000a6300000| Untracked 
| 536|0x00000000a6400000, 0x00000000a6400000, 0x00000000a6500000|  0%| F|  |TAMS 0x00000000a6400000| PB 0x00000000a6400000| Untracked 
| 537|0x00000000a6500000, 0x00000000a6500000, 0x00000000a6600000|  0%| F|  |TAMS 0x00000000a6500000| PB 0x00000000a6500000| Untracked 
| 538|0x00000000a6600000, 0x00000000a6600000, 0x00000000a6700000|  0%| F|  |TAMS 0x00000000a6600000| PB 0x00000000a6600000| Untracked 
| 539|0x00000000a6700000, 0x00000000a6700000, 0x00000000a6800000|  0%| F|  |TAMS 0x00000000a6700000| PB 0x00000000a6700000| Untracked 
| 540|0x00000000a6800000, 0x00000000a6800000, 0x00000000a6900000|  0%| F|  |TAMS 0x00000000a6800000| PB 0x00000000a6800000| Untracked 
| 541|0x00000000a6900000, 0x00000000a6900000, 0x00000000a6a00000|  0%| F|  |TAMS 0x00000000a6900000| PB 0x00000000a6900000| Untracked 
| 542|0x00000000a6a00000, 0x00000000a6a00000, 0x00000000a6b00000|  0%| F|  |TAMS 0x00000000a6a00000| PB 0x00000000a6a00000| Untracked 
| 543|0x00000000a6b00000, 0x00000000a6b00000, 0x00000000a6c00000|  0%| F|  |TAMS 0x00000000a6b00000| PB 0x00000000a6b00000| Untracked 
| 544|0x00000000a6c00000, 0x00000000a6c00000, 0x00000000a6d00000|  0%| F|  |TAMS 0x00000000a6c00000| PB 0x00000000a6c00000| Untracked 
| 545|0x00000000a6d00000, 0x00000000a6d00000, 0x00000000a6e00000|  0%| F|  |TAMS 0x00000000a6d00000| PB 0x00000000a6d00000| Untracked 
| 546|0x00000000a6e00000, 0x00000000a6e00000, 0x00000000a6f00000|  0%| F|  |TAMS 0x00000000a6e00000| PB 0x00000000a6e00000| Untracked 
| 547|0x00000000a6f00000, 0x00000000a6f00000, 0x00000000a7000000|  0%| F|  |TAMS 0x00000000a6f00000| PB 0x00000000a6f00000| Untracked 
| 548|0x00000000a7000000, 0x00000000a7000000, 0x00000000a7100000|  0%| F|  |TAMS 0x00000000a7000000| PB 0x00000000a7000000| Untracked 
| 549|0x00000000a7100000, 0x00000000a7100000, 0x00000000a7200000|  0%| F|  |TAMS 0x00000000a7100000| PB 0x00000000a7100000| Untracked 
| 550|0x00000000a7200000, 0x00000000a7200000, 0x00000000a7300000|  0%| F|  |TAMS 0x00000000a7200000| PB 0x00000000a7200000| Untracked 
| 551|0x00000000a7300000, 0x00000000a7300000, 0x00000000a7400000|  0%| F|  |TAMS 0x00000000a7300000| PB 0x00000000a7300000| Untracked 
| 552|0x00000000a7400000, 0x00000000a7400000, 0x00000000a7500000|  0%| F|  |TAMS 0x00000000a7400000| PB 0x00000000a7400000| Untracked 
| 553|0x00000000a7500000, 0x00000000a7500000, 0x00000000a7600000|  0%| F|  |TAMS 0x00000000a7500000| PB 0x00000000a7500000| Untracked 
| 554|0x00000000a7600000, 0x00000000a7600000, 0x00000000a7700000|  0%| F|  |TAMS 0x00000000a7600000| PB 0x00000000a7600000| Untracked 
| 555|0x00000000a7700000, 0x00000000a7700000, 0x00000000a7800000|  0%| F|  |TAMS 0x00000000a7700000| PB 0x00000000a7700000| Untracked 
| 556|0x00000000a7800000, 0x00000000a7800000, 0x00000000a7900000|  0%| F|  |TAMS 0x00000000a7800000| PB 0x00000000a7800000| Untracked 
| 557|0x00000000a7900000, 0x00000000a7900000, 0x00000000a7a00000|  0%| F|  |TAMS 0x00000000a7900000| PB 0x00000000a7900000| Untracked 
| 558|0x00000000a7a00000, 0x00000000a7a00000, 0x00000000a7b00000|  0%| F|  |TAMS 0x00000000a7a00000| PB 0x00000000a7a00000| Untracked 
| 559|0x00000000a7b00000, 0x00000000a7b00000, 0x00000000a7c00000|  0%| F|  |TAMS 0x00000000a7b00000| PB 0x00000000a7b00000| Untracked 
| 560|0x00000000a7c00000, 0x00000000a7c00000, 0x00000000a7d00000|  0%| F|  |TAMS 0x00000000a7c00000| PB 0x00000000a7c00000| Untracked 
| 561|0x00000000a7d00000, 0x00000000a7d00000, 0x00000000a7e00000|  0%| F|  |TAMS 0x00000000a7d00000| PB 0x00000000a7d00000| Untracked 
| 562|0x00000000a7e00000, 0x00000000a7e00000, 0x00000000a7f00000|  0%| F|  |TAMS 0x00000000a7e00000| PB 0x00000000a7e00000| Untracked 
| 563|0x00000000a7f00000, 0x00000000a7f00000, 0x00000000a8000000|  0%| F|  |TAMS 0x00000000a7f00000| PB 0x00000000a7f00000| Untracked 
| 564|0x00000000a8000000, 0x00000000a8000000, 0x00000000a8100000|  0%| F|  |TAMS 0x00000000a8000000| PB 0x00000000a8000000| Untracked 
| 565|0x00000000a8100000, 0x00000000a8100000, 0x00000000a8200000|  0%| F|  |TAMS 0x00000000a8100000| PB 0x00000000a8100000| Untracked 
| 566|0x00000000a8200000, 0x00000000a8200000, 0x00000000a8300000|  0%| F|  |TAMS 0x00000000a8200000| PB 0x00000000a8200000| Untracked 
| 567|0x00000000a8300000, 0x00000000a8300000, 0x00000000a8400000|  0%| F|  |TAMS 0x00000000a8300000| PB 0x00000000a8300000| Untracked 
| 568|0x00000000a8400000, 0x00000000a8400000, 0x00000000a8500000|  0%| F|  |TAMS 0x00000000a8400000| PB 0x00000000a8400000| Untracked 
| 569|0x00000000a8500000, 0x00000000a8500000, 0x00000000a8600000|  0%| F|  |TAMS 0x00000000a8500000| PB 0x00000000a8500000| Untracked 
| 570|0x00000000a8600000, 0x00000000a8600000, 0x00000000a8700000|  0%| F|  |TAMS 0x00000000a8600000| PB 0x00000000a8600000| Untracked 
| 571|0x00000000a8700000, 0x00000000a8700000, 0x00000000a8800000|  0%| F|  |TAMS 0x00000000a8700000| PB 0x00000000a8700000| Untracked 
| 572|0x00000000a8800000, 0x00000000a8800000, 0x00000000a8900000|  0%| F|  |TAMS 0x00000000a8800000| PB 0x00000000a8800000| Untracked 
| 573|0x00000000a8900000, 0x00000000a8900000, 0x00000000a8a00000|  0%| F|  |TAMS 0x00000000a8900000| PB 0x00000000a8900000| Untracked 
| 574|0x00000000a8a00000, 0x00000000a8a00000, 0x00000000a8b00000|  0%| F|  |TAMS 0x00000000a8a00000| PB 0x00000000a8a00000| Untracked 
| 575|0x00000000a8b00000, 0x00000000a8b00000, 0x00000000a8c00000|  0%| F|  |TAMS 0x00000000a8b00000| PB 0x00000000a8b00000| Untracked 
| 576|0x00000000a8c00000, 0x00000000a8c00000, 0x00000000a8d00000|  0%| F|  |TAMS 0x00000000a8c00000| PB 0x00000000a8c00000| Untracked 
| 577|0x00000000a8d00000, 0x00000000a8d00000, 0x00000000a8e00000|  0%| F|  |TAMS 0x00000000a8d00000| PB 0x00000000a8d00000| Untracked 
| 578|0x00000000a8e00000, 0x00000000a8e00000, 0x00000000a8f00000|  0%| F|  |TAMS 0x00000000a8e00000| PB 0x00000000a8e00000| Untracked 
| 579|0x00000000a8f00000, 0x00000000a8f00000, 0x00000000a9000000|  0%| F|  |TAMS 0x00000000a8f00000| PB 0x00000000a8f00000| Untracked 
| 580|0x00000000a9000000, 0x00000000a9000000, 0x00000000a9100000|  0%| F|  |TAMS 0x00000000a9000000| PB 0x00000000a9000000| Untracked 
| 581|0x00000000a9100000, 0x00000000a9100000, 0x00000000a9200000|  0%| F|  |TAMS 0x00000000a9100000| PB 0x00000000a9100000| Untracked 
| 582|0x00000000a9200000, 0x00000000a9200000, 0x00000000a9300000|  0%| F|  |TAMS 0x00000000a9200000| PB 0x00000000a9200000| Untracked 
| 583|0x00000000a9300000, 0x00000000a9300000, 0x00000000a9400000|  0%| F|  |TAMS 0x00000000a9300000| PB 0x00000000a9300000| Untracked 
| 584|0x00000000a9400000, 0x00000000a9400000, 0x00000000a9500000|  0%| F|  |TAMS 0x00000000a9400000| PB 0x00000000a9400000| Untracked 
| 585|0x00000000a9500000, 0x00000000a9500000, 0x00000000a9600000|  0%| F|  |TAMS 0x00000000a9500000| PB 0x00000000a9500000| Untracked 
| 586|0x00000000a9600000, 0x00000000a9600000, 0x00000000a9700000|  0%| F|  |TAMS 0x00000000a9600000| PB 0x00000000a9600000| Untracked 
| 587|0x00000000a9700000, 0x00000000a9700000, 0x00000000a9800000|  0%| F|  |TAMS 0x00000000a9700000| PB 0x00000000a9700000| Untracked 
| 588|0x00000000a9800000, 0x00000000a9800000, 0x00000000a9900000|  0%| F|  |TAMS 0x00000000a9800000| PB 0x00000000a9800000| Untracked 
| 589|0x00000000a9900000, 0x00000000a9900000, 0x00000000a9a00000|  0%| F|  |TAMS 0x00000000a9900000| PB 0x00000000a9900000| Untracked 
| 590|0x00000000a9a00000, 0x00000000a9a00000, 0x00000000a9b00000|  0%| F|  |TAMS 0x00000000a9a00000| PB 0x00000000a9a00000| Untracked 
| 591|0x00000000a9b00000, 0x00000000a9b00000, 0x00000000a9c00000|  0%| F|  |TAMS 0x00000000a9b00000| PB 0x00000000a9b00000| Untracked 
| 592|0x00000000a9c00000, 0x00000000a9c00000, 0x00000000a9d00000|  0%| F|  |TAMS 0x00000000a9c00000| PB 0x00000000a9c00000| Untracked 
| 593|0x00000000a9d00000, 0x00000000a9d00000, 0x00000000a9e00000|  0%| F|  |TAMS 0x00000000a9d00000| PB 0x00000000a9d00000| Untracked 
| 594|0x00000000a9e00000, 0x00000000a9e00000, 0x00000000a9f00000|  0%| F|  |TAMS 0x00000000a9e00000| PB 0x00000000a9e00000| Untracked 
| 595|0x00000000a9f00000, 0x00000000a9f00000, 0x00000000aa000000|  0%| F|  |TAMS 0x00000000a9f00000| PB 0x00000000a9f00000| Untracked 
| 596|0x00000000aa000000, 0x00000000aa000000, 0x00000000aa100000|  0%| F|  |TAMS 0x00000000aa000000| PB 0x00000000aa000000| Untracked 
| 597|0x00000000aa100000, 0x00000000aa100000, 0x00000000aa200000|  0%| F|  |TAMS 0x00000000aa100000| PB 0x00000000aa100000| Untracked 
| 598|0x00000000aa200000, 0x00000000aa200000, 0x00000000aa300000|  0%| F|  |TAMS 0x00000000aa200000| PB 0x00000000aa200000| Untracked 
| 599|0x00000000aa300000, 0x00000000aa300000, 0x00000000aa400000|  0%| F|  |TAMS 0x00000000aa300000| PB 0x00000000aa300000| Untracked 
| 600|0x00000000aa400000, 0x00000000aa400000, 0x00000000aa500000|  0%| F|  |TAMS 0x00000000aa400000| PB 0x00000000aa400000| Untracked 
| 601|0x00000000aa500000, 0x00000000aa500000, 0x00000000aa600000|  0%| F|  |TAMS 0x00000000aa500000| PB 0x00000000aa500000| Untracked 
| 602|0x00000000aa600000, 0x00000000aa600000, 0x00000000aa700000|  0%| F|  |TAMS 0x00000000aa600000| PB 0x00000000aa600000| Untracked 
| 603|0x00000000aa700000, 0x00000000aa700000, 0x00000000aa800000|  0%| F|  |TAMS 0x00000000aa700000| PB 0x00000000aa700000| Untracked 
| 604|0x00000000aa800000, 0x00000000aa800000, 0x00000000aa900000|  0%| F|  |TAMS 0x00000000aa800000| PB 0x00000000aa800000| Untracked 
| 605|0x00000000aa900000, 0x00000000aa900000, 0x00000000aaa00000|  0%| F|  |TAMS 0x00000000aa900000| PB 0x00000000aa900000| Untracked 
| 606|0x00000000aaa00000, 0x00000000aaa00000, 0x00000000aab00000|  0%| F|  |TAMS 0x00000000aaa00000| PB 0x00000000aaa00000| Untracked 
| 607|0x00000000aab00000, 0x00000000aab00000, 0x00000000aac00000|  0%| F|  |TAMS 0x00000000aab00000| PB 0x00000000aab00000| Untracked 
| 608|0x00000000aac00000, 0x00000000aac00000, 0x00000000aad00000|  0%| F|  |TAMS 0x00000000aac00000| PB 0x00000000aac00000| Untracked 
| 609|0x00000000aad00000, 0x00000000aad00000, 0x00000000aae00000|  0%| F|  |TAMS 0x00000000aad00000| PB 0x00000000aad00000| Untracked 
| 610|0x00000000aae00000, 0x00000000aae00000, 0x00000000aaf00000|  0%| F|  |TAMS 0x00000000aae00000| PB 0x00000000aae00000| Untracked 
| 611|0x00000000aaf00000, 0x00000000aaf00000, 0x00000000ab000000|  0%| F|  |TAMS 0x00000000aaf00000| PB 0x00000000aaf00000| Untracked 
| 612|0x00000000ab000000, 0x00000000ab000000, 0x00000000ab100000|  0%| F|  |TAMS 0x00000000ab000000| PB 0x00000000ab000000| Untracked 
| 613|0x00000000ab100000, 0x00000000ab100000, 0x00000000ab200000|  0%| F|  |TAMS 0x00000000ab100000| PB 0x00000000ab100000| Untracked 
| 614|0x00000000ab200000, 0x00000000ab200000, 0x00000000ab300000|  0%| F|  |TAMS 0x00000000ab200000| PB 0x00000000ab200000| Untracked 
| 615|0x00000000ab300000, 0x00000000ab300000, 0x00000000ab400000|  0%| F|  |TAMS 0x00000000ab300000| PB 0x00000000ab300000| Untracked 
| 616|0x00000000ab400000, 0x00000000ab400000, 0x00000000ab500000|  0%| F|  |TAMS 0x00000000ab400000| PB 0x00000000ab400000| Untracked 
| 617|0x00000000ab500000, 0x00000000ab500000, 0x00000000ab600000|  0%| F|  |TAMS 0x00000000ab500000| PB 0x00000000ab500000| Untracked 
| 618|0x00000000ab600000, 0x00000000ab600000, 0x00000000ab700000|  0%| F|  |TAMS 0x00000000ab600000| PB 0x00000000ab600000| Untracked 
| 619|0x00000000ab700000, 0x00000000ab700000, 0x00000000ab800000|  0%| F|  |TAMS 0x00000000ab700000| PB 0x00000000ab700000| Untracked 
| 620|0x00000000ab800000, 0x00000000ab800000, 0x00000000ab900000|  0%| F|  |TAMS 0x00000000ab800000| PB 0x00000000ab800000| Untracked 
| 621|0x00000000ab900000, 0x00000000ab900000, 0x00000000aba00000|  0%| F|  |TAMS 0x00000000ab900000| PB 0x00000000ab900000| Untracked 
| 622|0x00000000aba00000, 0x00000000aba00000, 0x00000000abb00000|  0%| F|  |TAMS 0x00000000aba00000| PB 0x00000000aba00000| Untracked 
| 623|0x00000000abb00000, 0x00000000abb00000, 0x00000000abc00000|  0%| F|  |TAMS 0x00000000abb00000| PB 0x00000000abb00000| Untracked 
| 624|0x00000000abc00000, 0x00000000abc00000, 0x00000000abd00000|  0%| F|  |TAMS 0x00000000abc00000| PB 0x00000000abc00000| Untracked 
| 625|0x00000000abd00000, 0x00000000abd00000, 0x00000000abe00000|  0%| F|  |TAMS 0x00000000abd00000| PB 0x00000000abd00000| Untracked 
| 626|0x00000000abe00000, 0x00000000abe00000, 0x00000000abf00000|  0%| F|  |TAMS 0x00000000abe00000| PB 0x00000000abe00000| Untracked 
| 627|0x00000000abf00000, 0x00000000abf00000, 0x00000000ac000000|  0%| F|  |TAMS 0x00000000abf00000| PB 0x00000000abf00000| Untracked 
| 628|0x00000000ac000000, 0x00000000ac000000, 0x00000000ac100000|  0%| F|  |TAMS 0x00000000ac000000| PB 0x00000000ac000000| Untracked 
| 629|0x00000000ac100000, 0x00000000ac100000, 0x00000000ac200000|  0%| F|  |TAMS 0x00000000ac100000| PB 0x00000000ac100000| Untracked 
| 630|0x00000000ac200000, 0x00000000ac200000, 0x00000000ac300000|  0%| F|  |TAMS 0x00000000ac200000| PB 0x00000000ac200000| Untracked 
| 631|0x00000000ac300000, 0x00000000ac300000, 0x00000000ac400000|  0%| F|  |TAMS 0x00000000ac300000| PB 0x00000000ac300000| Untracked 
| 632|0x00000000ac400000, 0x00000000ac400000, 0x00000000ac500000|  0%| F|  |TAMS 0x00000000ac400000| PB 0x00000000ac400000| Untracked 
| 633|0x00000000ac500000, 0x00000000ac500000, 0x00000000ac600000|  0%| F|  |TAMS 0x00000000ac500000| PB 0x00000000ac500000| Untracked 
| 634|0x00000000ac600000, 0x00000000ac600000, 0x00000000ac700000|  0%| F|  |TAMS 0x00000000ac600000| PB 0x00000000ac600000| Untracked 
| 635|0x00000000ac700000, 0x00000000ac700000, 0x00000000ac800000|  0%| F|  |TAMS 0x00000000ac700000| PB 0x00000000ac700000| Untracked 
| 636|0x00000000ac800000, 0x00000000ac800000, 0x00000000ac900000|  0%| F|  |TAMS 0x00000000ac800000| PB 0x00000000ac800000| Untracked 
| 637|0x00000000ac900000, 0x00000000ac900000, 0x00000000aca00000|  0%| F|  |TAMS 0x00000000ac900000| PB 0x00000000ac900000| Untracked 
| 638|0x00000000aca00000, 0x00000000aca00000, 0x00000000acb00000|  0%| F|  |TAMS 0x00000000aca00000| PB 0x00000000aca00000| Untracked 
| 639|0x00000000acb00000, 0x00000000acb00000, 0x00000000acc00000|  0%| F|  |TAMS 0x00000000acb00000| PB 0x00000000acb00000| Untracked 
| 640|0x00000000acc00000, 0x00000000acc00000, 0x00000000acd00000|  0%| F|  |TAMS 0x00000000acc00000| PB 0x00000000acc00000| Untracked 
| 641|0x00000000acd00000, 0x00000000acd00000, 0x00000000ace00000|  0%| F|  |TAMS 0x00000000acd00000| PB 0x00000000acd00000| Untracked 
| 642|0x00000000ace00000, 0x00000000ace00000, 0x00000000acf00000|  0%| F|  |TAMS 0x00000000ace00000| PB 0x00000000ace00000| Untracked 
| 643|0x00000000acf00000, 0x00000000acf00000, 0x00000000ad000000|  0%| F|  |TAMS 0x00000000acf00000| PB 0x00000000acf00000| Untracked 
| 644|0x00000000ad000000, 0x00000000ad000000, 0x00000000ad100000|  0%| F|  |TAMS 0x00000000ad000000| PB 0x00000000ad000000| Untracked 
| 645|0x00000000ad100000, 0x00000000ad100000, 0x00000000ad200000|  0%| F|  |TAMS 0x00000000ad100000| PB 0x00000000ad100000| Untracked 
| 646|0x00000000ad200000, 0x00000000ad200000, 0x00000000ad300000|  0%| F|  |TAMS 0x00000000ad200000| PB 0x00000000ad200000| Untracked 
| 647|0x00000000ad300000, 0x00000000ad300000, 0x00000000ad400000|  0%| F|  |TAMS 0x00000000ad300000| PB 0x00000000ad300000| Untracked 
| 648|0x00000000ad400000, 0x00000000ad500000, 0x00000000ad500000|100%| E|  |TAMS 0x00000000ad400000| PB 0x00000000ad400000| Complete 
| 649|0x00000000ad500000, 0x00000000ad600000, 0x00000000ad600000|100%| E|CS|TAMS 0x00000000ad500000| PB 0x00000000ad500000| Complete 
| 650|0x00000000ad600000, 0x00000000ad700000, 0x00000000ad700000|100%| E|CS|TAMS 0x00000000ad600000| PB 0x00000000ad600000| Complete 
| 651|0x00000000ad700000, 0x00000000ad800000, 0x00000000ad800000|100%| E|CS|TAMS 0x00000000ad700000| PB 0x00000000ad700000| Complete 
| 652|0x00000000ad800000, 0x00000000ad900000, 0x00000000ad900000|100%| E|CS|TAMS 0x00000000ad800000| PB 0x00000000ad800000| Complete 
| 653|0x00000000ad900000, 0x00000000ada00000, 0x00000000ada00000|100%| E|  |TAMS 0x00000000ad900000| PB 0x00000000ad900000| Complete 
| 654|0x00000000ada00000, 0x00000000adb00000, 0x00000000adb00000|100%| E|CS|TAMS 0x00000000ada00000| PB 0x00000000ada00000| Complete 
| 655|0x00000000adb00000, 0x00000000adc00000, 0x00000000adc00000|100%| E|CS|TAMS 0x00000000adb00000| PB 0x00000000adb00000| Complete 
| 656|0x00000000adc00000, 0x00000000add00000, 0x00000000add00000|100%| E|CS|TAMS 0x00000000adc00000| PB 0x00000000adc00000| Complete 
| 657|0x00000000add00000, 0x00000000ade00000, 0x00000000ade00000|100%| E|CS|TAMS 0x00000000add00000| PB 0x00000000add00000| Complete 
| 658|0x00000000ade00000, 0x00000000adf00000, 0x00000000adf00000|100%| E|CS|TAMS 0x00000000ade00000| PB 0x00000000ade00000| Complete 
| 659|0x00000000adf00000, 0x00000000ae000000, 0x00000000ae000000|100%| E|CS|TAMS 0x00000000adf00000| PB 0x00000000adf00000| Complete 
|1970|0x00000000ffe00000, 0x00000000fff00000, 0x00000000fff00000|100%| E|CS|TAMS 0x00000000ffe00000| PB 0x00000000ffe00000| Complete 
|1971|0x00000000fff00000, 0x0000000100000000, 0x0000000100000000|100%| O|  |TAMS 0x00000000fff00000| PB 0x00000000fff00000| Untracked 

Card table byte_map: [0x000001e447600000,0x000001e4479e0000] _byte_map_base: 0x000001e4471da000

Marking Bits: (CMBitMap*) 0x000001e434607050
 Bits: [0x000001e4479e0000, 0x000001e4498b0000)

Polling page: 0x000001e432d40000

Metaspace:

Usage:
  Non-class:    121.69 MB used.
      Class:     16.82 MB used.
       Both:    138.50 MB used.

Virtual space:
  Non-class space:      128.00 MB reserved,     123.56 MB ( 97%) committed,  2 nodes.
      Class space:        1.00 GB reserved,      18.19 MB (  2%) committed,  1 nodes.
             Both:        1.12 GB reserved,     141.75 MB ( 12%) committed. 

Chunk freelists:
   Non-Class:  3.92 MB
       Class:  13.72 MB
        Both:  17.64 MB

MaxMetaspaceSize: unlimited
CompressedClassSpaceSize: 1.00 GB
Initial GC threshold: 21.00 MB
Current GC threshold: 210.31 MB
CDS: on
 - commit_granule_bytes: 65536.
 - commit_granule_words: 8192.
 - virtual_space_node_default_size: 8388608.
 - enlarge_chunks_in_place: 1.
 - use_allocation_guard: 0.


Internal statistics:

num_allocs_failed_limit: 25.
num_arena_births: 1806.
num_arena_deaths: 2.
num_vsnodes_births: 3.
num_vsnodes_deaths: 0.
num_space_committed: 2267.
num_space_uncommitted: 0.
num_chunks_returned_to_freelist: 27.
num_chunks_taken_from_freelist: 8718.
num_chunk_merges: 16.
num_chunk_splits: 5380.
num_chunks_enlarged: 2948.
num_inconsistent_stats: 0.

CodeHeap 'non-profiled nmethods': size=120000Kb used=14663Kb max_used=14663Kb free=105337Kb
 bounds [0x000001e43f9c0000, 0x000001e440820000, 0x000001e446ef0000]
CodeHeap 'profiled nmethods': size=120000Kb used=34901Kb max_used=34901Kb free=85098Kb
 bounds [0x000001e437ef0000, 0x000001e43a110000, 0x000001e43f420000]
CodeHeap 'non-nmethods': size=5760Kb used=2796Kb max_used=2860Kb free=2964Kb
 bounds [0x000001e43f420000, 0x000001e43f700000, 0x000001e43f9c0000]
 total_blobs=18167 nmethods=16866 adapters=1202
 compilation: enabled
              stopped_count=0, restarted_count=0
 full_count=0

Compilation events (20 events):
Event: 107.815 Thread 0x000001e496838f30 nmethod 21275 0x000001e440806b90 code [0x000001e4408071a0, 0x000001e44080bf18]
Event: 107.815 Thread 0x000001e44c389370 21340       4       sun.java2d.SunGraphics2D::setTransform (53 bytes)
Event: 107.819 Thread 0x000001e44c389370 nmethod 21340 0x000001e44080e710 code [0x000001e44080e900, 0x000001e44080edf8]
Event: 107.820 Thread 0x000001e44c389370 21341  s!   4       java.io.FileDescriptor::closeAll (163 bytes)
Event: 107.821 Thread 0x000001e4968373f0 nmethod 21338 0x000001e44080f090 code [0x000001e44080f2c0, 0x000001e44080fbe8]
Event: 107.826 Thread 0x000001e44c389370 nmethod 21341 0x000001e440810110 code [0x000001e440810320, 0x000001e4408110d8]
Event: 107.826 Thread 0x000001e44c38a230 21342       3       org.eclipse.core.runtime.QualifiedName::hashCode (27 bytes)
Event: 107.826 Thread 0x000001e44c38a230 nmethod 21342 0x000001e43a107a10 code [0x000001e43a107bc0, 0x000001e43a107da0]
Event: 107.827 Thread 0x000001e44c38a230 21343       3       org.eclipse.e4.ui.workbench.renderers.swt.AbstractContributionItem::getUpdater (34 bytes)
Event: 107.827 Thread 0x000001e44c38a230 nmethod 21343 0x000001e43a107e90 code [0x000001e43a108060, 0x000001e43a1084f0]
Event: 107.827 Thread 0x000001e44c38a230 21344       3       org.eclipse.egit.core.internal.info.GitItemStateFactory::containsPrefixPath (65 bytes)
Event: 107.828 Thread 0x000001e44c38a230 nmethod 21344 0x000001e43a108610 code [0x000001e43a1088c0, 0x000001e43a1094d0]
Event: 107.831 Thread 0x000001e44c38a230 21345       3       org.eclipse.emf.common.util.CommonUtil$StringPool$SubstringAccessUnit::reset (11 bytes)
Event: 107.832 Thread 0x000001e44c38a230 nmethod 21345 0x000001e43a109990 code [0x000001e43a109b40, 0x000001e43a109d10]
Event: 107.834 Thread 0x000001e496838f30 21346       4       java.lang.invoke.LambdaForm$DMH/0x000001e44e004400::invokeSpecial (15 bytes)
Event: 107.834 Thread 0x000001e44c38a230 21347       3       org.eclipse.ui.internal.menus.MenuHelper::getFromContext (45 bytes)
Event: 107.835 Thread 0x000001e44c38a230 nmethod 21347 0x000001e43a109e10 code [0x000001e43a10a040, 0x000001e43a10a6c8]
Event: 107.835 Thread 0x000001e496838f30 nmethod 21346 0x000001e440811510 code [0x000001e4408116a0, 0x000001e440811788]
Event: 108.389 Thread 0x000001e44c389370 21348       4       org.eclipse.swt.widgets.Control::getVisible (47 bytes)
Event: 108.391 Thread 0x000001e44c389370 nmethod 21348 0x000001e440811890 code [0x000001e440811a20, 0x000001e440811b28]

GC Heap History (20 events):
Event: 21.797 GC heap before
{Heap before GC invocations=43 (full 0):
 garbage-first heap   total 516096K, used 440314K [0x0000000084c00000, 0x0000000100000000)
  region size 1024K, 249 young (254976K), 33 survivors (33792K)
 Metaspace       used 124656K, committed 127872K, reserved 1179648K
  class space    used 15271K, committed 16576K, reserved 1048576K
}
Event: 21.828 GC heap after
{Heap after GC invocations=44 (full 0):
 garbage-first heap   total 516096K, used 253946K [0x0000000084c00000, 0x0000000100000000)
  region size 1024K, 32 young (32768K), 32 survivors (32768K)
 Metaspace       used 124656K, committed 127872K, reserved 1179648K
  class space    used 15271K, committed 16576K, reserved 1048576K
}
Event: 22.523 GC heap before
{Heap before GC invocations=44 (full 0):
 garbage-first heap   total 516096K, used 441338K [0x0000000084c00000, 0x0000000100000000)
  region size 1024K, 217 young (222208K), 32 survivors (32768K)
 Metaspace       used 125956K, committed 129216K, reserved 1179648K
  class space    used 15435K, committed 16768K, reserved 1048576K
}
Event: 22.545 GC heap after
{Heap after GC invocations=45 (full 0):
 garbage-first heap   total 516096K, used 281082K [0x0000000084c00000, 0x0000000100000000)
  region size 1024K, 27 young (27648K), 27 survivors (27648K)
 Metaspace       used 125956K, committed 129216K, reserved 1179648K
  class space    used 15435K, committed 16768K, reserved 1048576K
}
Event: 23.110 GC heap before
{Heap before GC invocations=46 (full 0):
 garbage-first heap   total 516096K, used 445946K [0x0000000084c00000, 0x0000000100000000)
  region size 1024K, 194 young (198656K), 27 survivors (27648K)
 Metaspace       used 126001K, committed 129216K, reserved 1179648K
  class space    used 15439K, committed 16768K, reserved 1048576K
}
Event: 23.127 GC heap after
{Heap after GC invocations=47 (full 0):
 garbage-first heap   total 516096K, used 302074K [0x0000000084c00000, 0x0000000100000000)
  region size 1024K, 25 young (25600K), 25 survivors (25600K)
 Metaspace       used 126001K, committed 129216K, reserved 1179648K
  class space    used 15439K, committed 16768K, reserved 1048576K
}
Event: 23.447 GC heap before
{Heap before GC invocations=47 (full 0):
 garbage-first heap   total 516096K, used 457722K [0x0000000084c00000, 0x0000000100000000)
  region size 1024K, 178 young (182272K), 25 survivors (25600K)
 Metaspace       used 126139K, committed 129344K, reserved 1179648K
  class space    used 15446K, committed 16768K, reserved 1048576K
}
Event: 23.462 GC heap after
{Heap after GC invocations=48 (full 0):
 garbage-first heap   total 516096K, used 317946K [0x0000000084c00000, 0x0000000100000000)
  region size 1024K, 23 young (23552K), 23 survivors (23552K)
 Metaspace       used 126139K, committed 129344K, reserved 1179648K
  class space    used 15446K, committed 16768K, reserved 1048576K
}
Event: 23.682 GC heap before
{Heap before GC invocations=48 (full 0):
 garbage-first heap   total 516096K, used 462330K [0x0000000084c00000, 0x0000000100000000)
  region size 1024K, 165 young (168960K), 23 survivors (23552K)
 Metaspace       used 126139K, committed 129344K, reserved 1179648K
  class space    used 15446K, committed 16768K, reserved 1048576K
}
Event: 23.695 GC heap after
{Heap after GC invocations=49 (full 0):
 garbage-first heap   total 576512K, used 338938K [0x0000000084c00000, 0x0000000100000000)
  region size 1024K, 21 young (21504K), 21 survivors (21504K)
 Metaspace       used 126139K, committed 129344K, reserved 1179648K
  class space    used 15446K, committed 16768K, reserved 1048576K
}
Event: 24.043 GC heap before
{Heap before GC invocations=50 (full 0):
 garbage-first heap   total 576512K, used 511994K [0x0000000084c00000, 0x0000000100000000)
  region size 1024K, 193 young (197632K), 21 survivors (21504K)
 Metaspace       used 126141K, committed 129344K, reserved 1179648K
  class space    used 15446K, committed 16768K, reserved 1048576K
}
Event: 24.058 GC heap after
{Heap after GC invocations=51 (full 0):
 garbage-first heap   total 576512K, used 363002K [0x0000000084c00000, 0x0000000100000000)
  region size 1024K, 25 young (25600K), 25 survivors (25600K)
 Metaspace       used 126141K, committed 129344K, reserved 1179648K
  class space    used 15446K, committed 16768K, reserved 1048576K
}
Event: 24.212 GC heap before
{Heap before GC invocations=51 (full 0):
 garbage-first heap   total 576512K, used 519674K [0x0000000084c00000, 0x0000000100000000)
  region size 1024K, 179 young (183296K), 25 survivors (25600K)
 Metaspace       used 126141K, committed 129344K, reserved 1179648K
  class space    used 15446K, committed 16768K, reserved 1048576K
}
Event: 24.223 GC heap after
{Heap after GC invocations=52 (full 0):
 garbage-first heap   total 576512K, used 377823K [0x0000000084c00000, 0x0000000100000000)
  region size 1024K, 23 young (23552K), 23 survivors (23552K)
 Metaspace       used 126141K, committed 129344K, reserved 1179648K
  class space    used 15446K, committed 16768K, reserved 1048576K
}
Event: 24.507 GC heap before
{Heap before GC invocations=52 (full 0):
 garbage-first heap   total 576512K, used 450527K [0x0000000084c00000, 0x0000000100000000)
  region size 1024K, 96 young (98304K), 23 survivors (23552K)
 Metaspace       used 126156K, committed 129344K, reserved 1179648K
  class space    used 15447K, committed 16768K, reserved 1048576K
}
Event: 24.519 GC heap after
{Heap after GC invocations=53 (full 0):
 garbage-first heap   total 576512K, used 402426K [0x0000000084c00000, 0x0000000100000000)
  region size 1024K, 21 young (21504K), 21 survivors (21504K)
 Metaspace       used 126156K, committed 129344K, reserved 1179648K
  class space    used 15447K, committed 16768K, reserved 1048576K
}
Event: 70.069 GC heap before
{Heap before GC invocations=54 (full 0):
 garbage-first heap   total 677888K, used 532474K [0x0000000084c00000, 0x0000000100000000)
  region size 1024K, 136 young (139264K), 21 survivors (21504K)
 Metaspace       used 130475K, committed 133696K, reserved 1179648K
  class space    used 15856K, committed 17216K, reserved 1048576K
}
Event: 70.088 GC heap after
{Heap after GC invocations=55 (full 0):
 garbage-first heap   total 677888K, used 427002K [0x0000000084c00000, 0x0000000100000000)
  region size 1024K, 17 young (17408K), 17 survivors (17408K)
 Metaspace       used 130475K, committed 133696K, reserved 1179648K
  class space    used 15856K, committed 17216K, reserved 1048576K
}
Event: 107.704 GC heap before
{Heap before GC invocations=55 (full 0):
 garbage-first heap   total 677888K, used 594938K [0x0000000084c00000, 0x0000000100000000)
  region size 1024K, 180 young (184320K), 17 survivors (17408K)
 Metaspace       used 141645K, committed 144832K, reserved 1179648K
  class space    used 17200K, committed 18560K, reserved 1048576K
}
Event: 107.721 GC heap after
{Heap after GC invocations=56 (full 0):
 garbage-first heap   total 677888K, used 430185K [0x0000000084c00000, 0x0000000100000000)
  region size 1024K, 8 young (8192K), 8 survivors (8192K)
 Metaspace       used 141645K, committed 144832K, reserved 1179648K
  class space    used 17200K, committed 18560K, reserved 1048576K
}

Dll operation events (18 events):
Event: 0.036 Loaded shared library C:\Users\samut\.p2\pool\plugins\org.eclipse.justj.openjdk.hotspot.jre.full.win32.x86_64_21.0.7.v20250502-0916\jre\bin\java.dll
Event: 0.123 Loaded shared library C:\Users\samut\.p2\pool\plugins\org.eclipse.justj.openjdk.hotspot.jre.full.win32.x86_64_21.0.7.v20250502-0916\jre\bin\zip.dll
Event: 0.146 Loaded shared library C:\Users\samut\.p2\pool\plugins\org.eclipse.justj.openjdk.hotspot.jre.full.win32.x86_64_21.0.7.v20250502-0916\jre\bin\net.dll
Event: 0.152 Loaded shared library C:\Users\samut\.p2\pool\plugins\org.eclipse.justj.openjdk.hotspot.jre.full.win32.x86_64_21.0.7.v20250502-0916\jre\bin\nio.dll
Event: 0.155 Loaded shared library C:\Users\samut\.p2\pool\plugins\org.eclipse.justj.openjdk.hotspot.jre.full.win32.x86_64_21.0.7.v20250502-0916\jre\bin\zip.dll
Event: 0.271 Loaded shared library C:\Users\samut\.p2\pool\plugins\org.eclipse.justj.openjdk.hotspot.jre.full.win32.x86_64_21.0.7.v20250502-0916\jre\bin\jimage.dll
Event: 2.582 Loaded shared library C:\Users\samut\.p2\pool\plugins\org.eclipse.justj.openjdk.hotspot.jre.full.win32.x86_64_21.0.7.v20250502-0916\jre\bin\verify.dll
Event: 3.012 Loaded shared library C:\Users\samut\.p2\pool\plugins\org.eclipse.justj.openjdk.hotspot.jre.full.win32.x86_64_21.0.7.v20250502-0916\jre\bin\sunmscapi.dll
Event: 3.855 Loaded shared library C:\Users\samut\AppData\Local\Temp\jna-109203134\jna2423073913077985877.dll
Event: 4.454 Loaded shared library C:\Users\samut\eclipse\java-2025-03\eclipse\configuration\org.eclipse.osgi\1044\0\.cp\swt-osversion-win32-4972r7.dll
Event: 4.468 Loaded shared library C:\Users\samut\eclipse\java-2025-03\eclipse\configuration\org.eclipse.osgi\1044\0\.cp\swt-win32-4972r7.dll
Event: 4.551 Loaded shared library C:\Users\samut\eclipse\java-2025-03\eclipse\configuration\org.eclipse.osgi\1044\0\.cp\swt-gdip-win32-4972r7.dll
Event: 7.938 Loaded shared library C:\Users\samut\.p2\pool\plugins\org.eclipse.justj.openjdk.hotspot.jre.full.win32.x86_64_21.0.7.v20250502-0916\jre\bin\awt.dll
Event: 8.615 Loaded shared library C:\Users\samut\.p2\pool\plugins\org.eclipse.justj.openjdk.hotspot.jre.full.win32.x86_64_21.0.7.v20250502-0916\jre\bin\mlib_image.dll
Event: 10.389 Loaded shared library C:\Users\samut\.p2\pool\plugins\org.eclipse.justj.openjdk.hotspot.jre.full.win32.x86_64_21.0.7.v20250502-0916\jre\bin\freetype.dll
Event: 10.391 Loaded shared library C:\Users\samut\.p2\pool\plugins\org.eclipse.justj.openjdk.hotspot.jre.full.win32.x86_64_21.0.7.v20250502-0916\jre\bin\fontmanager.dll
Event: 12.462 Loaded shared library C:\Users\samut\eclipse\java-2025-03\eclipse\configuration\org.eclipse.osgi\1044\0\.cp\WebView2Loader.dll
Event: 19.395 Loaded shared library C:\Users\samut\.p2\pool\plugins\org.eclipse.justj.openjdk.hotspot.jre.full.win32.x86_64_21.0.7.v20250502-0916\jre\bin\extnet.dll

Deoptimization events (20 events):
Event: 107.642 Thread 0x000001e4311d7ad0 DEOPT PACKING pc=0x000001e4406e41c4 sp=0x0000004cca16ca10
Event: 107.642 Thread 0x000001e4311d7ad0 DEOPT UNPACKING pc=0x000001e43f477da2 sp=0x0000004cca16c9d0 mode 2
Event: 107.642 Thread 0x000001e4311d7ad0 Uncommon trap: trap_request=0xffffffbe fr.pc=0x000001e44075e914 relative=0x0000000000000334
Event: 107.642 Thread 0x000001e4311d7ad0 Uncommon trap: reason=profile_predicate action=maybe_recompile pc=0x000001e44075e914 method=java.util.IdentityHashMap$Values.toArray([Ljava/lang/Object;)[Ljava/lang/Object; @ 54 c2
Event: 107.642 Thread 0x000001e4311d7ad0 DEOPT PACKING pc=0x000001e44075e914 sp=0x0000004cca16ca20
Event: 107.642 Thread 0x000001e4311d7ad0 DEOPT UNPACKING pc=0x000001e43f477da2 sp=0x0000004cca16c9c0 mode 2
Event: 107.642 Thread 0x000001e4311d7ad0 Uncommon trap: trap_request=0xffffffbe fr.pc=0x000001e4406e41c4 relative=0x00000000000003e4
Event: 107.642 Thread 0x000001e4311d7ad0 Uncommon trap: reason=profile_predicate action=maybe_recompile pc=0x000001e4406e41c4 method=java.util.IdentityHashMap$Values.toArray([Ljava/lang/Object;)[Ljava/lang/Object; @ 49 c2
Event: 107.642 Thread 0x000001e4311d7ad0 DEOPT PACKING pc=0x000001e4406e41c4 sp=0x0000004cca16ca10
Event: 107.642 Thread 0x000001e4311d7ad0 DEOPT UNPACKING pc=0x000001e43f477da2 sp=0x0000004cca16c9d0 mode 2
Event: 107.660 Thread 0x000001e4311d7ad0 Uncommon trap: trap_request=0xffffff3d fr.pc=0x000001e43fc75d88 relative=0x0000000000000328
Event: 107.660 Thread 0x000001e4311d7ad0 Uncommon trap: reason=unstable_fused_if action=reinterpret pc=0x000001e43fc75d88 method=java.lang.CharacterDataLatin1.digit(II)I @ 7 c2
Event: 107.660 Thread 0x000001e4311d7ad0 DEOPT PACKING pc=0x000001e43fc75d88 sp=0x0000004cca16b7a0
Event: 107.660 Thread 0x000001e4311d7ad0 DEOPT UNPACKING pc=0x000001e43f477da2 sp=0x0000004cca16b508 mode 2
Event: 107.670 Thread 0x000001e4311d7ad0 Uncommon trap: trap_request=0xffffff6e fr.pc=0x000001e440669694 relative=0x00000000000006b4
Event: 107.670 Thread 0x000001e4311d7ad0 Uncommon trap: reason=loop_limit_check action=maybe_recompile pc=0x000001e440669694 method=java.awt.GradientPaintContext.clipFillRaster([IIIIIDDD)V @ 5 c2
Event: 107.670 Thread 0x000001e4311d7ad0 DEOPT PACKING pc=0x000001e440669694 sp=0x0000004cca169ef0
Event: 107.670 Thread 0x000001e4311d7ad0 DEOPT UNPACKING pc=0x000001e43f477da2 sp=0x0000004cca169e60 mode 2
Event: 107.689 Thread 0x000001e4311d7ad0 DEOPT PACKING pc=0x000001e43a091335 sp=0x0000004cca16b780
Event: 107.689 Thread 0x000001e4311d7ad0 DEOPT UNPACKING pc=0x000001e43f4788e2 sp=0x0000004cca16acb8 mode 0

Classes loaded (20 events):
Event: 102.362 Loading class jdk/internal/icu/text/NormalizerBase$NFCModeImpl
Event: 102.363 Loading class jdk/internal/icu/text/NormalizerBase$NFCModeImpl done
Event: 102.372 Loading class java/util/zip/Deflater
Event: 102.372 Loading class java/util/zip/Deflater done
Event: 102.373 Loading class java/util/zip/Deflater$DeflaterZStreamRef
Event: 102.373 Loading class java/util/zip/Deflater$DeflaterZStreamRef done
Event: 102.394 Loading class java/util/concurrent/CompletionException
Event: 102.394 Loading class java/util/concurrent/CompletionException done
Event: 102.431 Loading class java/io/PushbackReader
Event: 102.431 Loading class java/io/PushbackReader done
Event: 103.992 Loading class java/util/stream/ReferencePipeline$8
Event: 103.992 Loading class java/util/stream/ReferencePipeline$8 done
Event: 103.992 Loading class java/util/stream/Nodes$IntSpinedNodeBuilder
Event: 103.992 Loading class java/util/stream/SpinedBuffer$OfInt
Event: 103.992 Loading class java/util/stream/SpinedBuffer$OfPrimitive
Event: 103.992 Loading class java/util/stream/SpinedBuffer$OfPrimitive done
Event: 103.992 Loading class java/util/stream/SpinedBuffer$OfInt done
Event: 103.994 Loading class java/util/stream/Nodes$IntSpinedNodeBuilder done
Event: 103.994 Loading class java/util/stream/ReferencePipeline$8$1
Event: 103.994 Loading class java/util/stream/ReferencePipeline$8$1 done

Classes unloaded (1 events):
Event: 20.562 Thread 0x000001e4311705e0 Unloading class 0x000001e44ea78800 'java/lang/invoke/LambdaForm$DMH+0x000001e44ea78800'

Classes redefined (0 events):
No events

Internal exceptions (20 events):
Event: 99.695 Thread 0x000001e4311d7ad0 Exception <a 'java/lang/NoSuchMethodError'{0x00000000a7241298}: 'void java.lang.invoke.DirectMethodHandle$Holder.invokeSpecial(java.lang.Object, java.lang.Object, int, java.lang.Object)'> (0x00000000a7241298) 
thrown [s\src\hotspot\share\interpreter\linkResolver.cpp, line 773]
Event: 99.729 Thread 0x000001e495c1eeb0 Exception <a 'sun/nio/fs/WindowsException'{0x00000000a7020270}> (0x00000000a7020270) 
thrown [s\src\hotspot\share\prims\jni.cpp, line 520]
Event: 99.729 Thread 0x000001e495c1eeb0 Exception <a 'sun/nio/fs/WindowsException'{0x00000000a70209c0}> (0x00000000a70209c0) 
thrown [s\src\hotspot\share\prims\jni.cpp, line 520]
Event: 99.842 Thread 0x000001e4311d7ad0 Implicit null exception at 0x000001e4400d5960 to 0x000001e4400d5ad0
Event: 99.844 Thread 0x000001e4311d7ad0 Exception <a 'java/lang/NoSuchMethodError'{0x00000000a59516f0}: 'int java.lang.invoke.DirectMethodHandle$Holder.invokeSpecial(java.lang.Object, java.lang.Object, int)'> (0x00000000a59516f0) 
thrown [s\src\hotspot\share\interpreter\linkResolver.cpp, line 773]
Event: 99.883 Thread 0x000001e4311d7ad0 Exception <a 'java/lang/NoSuchMethodError'{0x00000000a58dc1d8}: 'int java.lang.invoke.DirectMethodHandle$Holder.invokeInterface(java.lang.Object, java.lang.Object, int)'> (0x00000000a58dc1d8) 
thrown [s\src\hotspot\share\interpreter\linkResolver.cpp, line 773]
Event: 100.137 Thread 0x000001e4311d7ad0 Implicit null exception at 0x000001e440759021 to 0x000001e44075a5b8
Event: 100.137 Thread 0x000001e4311d7ad0 Implicit null exception at 0x000001e44075ba64 to 0x000001e44075cf0c
Event: 100.159 Thread 0x000001e4311d7ad0 Exception <a 'java/io/FileNotFoundException'{0x00000000a4b7b220}> (0x00000000a4b7b220) 
thrown [s\src\hotspot\share\prims\jni.cpp, line 520]
Event: 100.160 Thread 0x000001e4311d7ad0 Exception <a 'java/io/FileNotFoundException'{0x00000000a4b7c498}> (0x00000000a4b7c498) 
thrown [s\src\hotspot\share\prims\jni.cpp, line 520]
Event: 100.170 Thread 0x000001e4311d7ad0 Exception <a 'java/io/FileNotFoundException'{0x00000000a4a0b920}> (0x00000000a4a0b920) 
thrown [s\src\hotspot\share\prims\jni.cpp, line 520]
Event: 100.218 Thread 0x000001e4311d7ad0 Exception <a 'java/io/FileNotFoundException'{0x00000000a4885fe0}> (0x00000000a4885fe0) 
thrown [s\src\hotspot\share\prims\jni.cpp, line 520]
Event: 100.219 Thread 0x000001e4311d7ad0 Exception <a 'java/io/FileNotFoundException'{0x00000000a48877a0}> (0x00000000a48877a0) 
thrown [s\src\hotspot\share\prims\jni.cpp, line 520]
Event: 100.393 Thread 0x000001e4311d7ad0 Exception <a 'java/lang/NoSuchMethodError'{0x00000000a42d7e50}: 'void java.lang.invoke.DirectMethodHandle$Holder.invokeSpecial(java.lang.Object, java.lang.Object, java.lang.Object, int, int)'> (0x00000000a42d7e50) 
thrown [s\src\hotspot\share\interpreter\linkResolver.cpp, line 773]
Event: 100.566 Thread 0x000001e4311d7ad0 Exception <a 'java/lang/NoSuchMethodError'{0x00000000a3ff63a0}: 'java.lang.Object java.lang.invoke.DirectMethodHandle$Holder.newInvokeSpecial(java.lang.Object, int, int, java.lang.Object, java.lang.Object)'> (0x00000000a3ff63a0) 
thrown [s\src\hotspot\share\interpreter\linkResolver.cpp, line 773]
Event: 100.566 Thread 0x000001e4311d7ad0 Exception <a 'java/lang/NoSuchMethodError'{0x00000000a3ffa2b0}: 'java.lang.Object java.lang.invoke.DirectMethodHandle$Holder.invokeSpecial(java.lang.Object, java.lang.Object, int, int, java.lang.Object, java.lang.Object)'> (0x00000000a3ffa2b0) 
thrown [s\src\hotspot\share\interpreter\linkResolver.cpp, line 773]
Event: 102.579 Thread 0x000001e4311d7ad0 Exception <a 'java/lang/NoSuchMethodError'{0x00000000a39958c0}: 'int java.lang.invoke.DirectMethodHandle$Holder.invokeSpecial(java.lang.Object, java.lang.Object, long, long)'> (0x00000000a39958c0) 
thrown [s\src\hotspot\share\interpreter\linkResolver.cpp, line 773]
Event: 103.994 Thread 0x000001e4311d7ad0 Exception <a 'java/lang/IncompatibleClassChangeError'{0x00000000a38e9e88}: Found class java.lang.Object, but interface was expected> (0x00000000a38e9e88) 
thrown [s\src\hotspot\share\interpreter\linkResolver.cpp, line 840]
Event: 107.785 Thread 0x000001e4311d7ad0 Exception <a 'sun/nio/fs/WindowsException'{0x00000000ad88c1d0}> (0x00000000ad88c1d0) 
thrown [s\src\hotspot\share\prims\jni.cpp, line 520]
Event: 107.785 Thread 0x000001e4311d7ad0 Exception <a 'sun/nio/fs/WindowsException'{0x00000000ad88cbd0}> (0x00000000ad88cbd0) 
thrown [s\src\hotspot\share\prims\jni.cpp, line 520]

ZGC Phase Switch (0 events):
No events

VM Operations (20 events):
Event: 101.279 Executing VM operation: Cleanup
Event: 101.279 Executing VM operation: Cleanup done
Event: 102.280 Executing VM operation: Cleanup
Event: 102.280 Executing VM operation: Cleanup done
Event: 102.359 Executing VM operation: HandshakeAllThreads (Deoptimize)
Event: 102.359 Executing VM operation: HandshakeAllThreads (Deoptimize) done
Event: 103.359 Executing VM operation: Cleanup
Event: 103.360 Executing VM operation: Cleanup done
Event: 103.994 Executing VM operation: HandshakeAllThreads (Deoptimize)
Event: 103.994 Executing VM operation: HandshakeAllThreads (Deoptimize) done
Event: 104.020 Executing VM operation: HandshakeAllThreads (Deoptimize)
Event: 104.020 Executing VM operation: HandshakeAllThreads (Deoptimize) done
Event: 105.021 Executing VM operation: Cleanup
Event: 105.021 Executing VM operation: Cleanup done
Event: 106.022 Executing VM operation: Cleanup
Event: 106.022 Executing VM operation: Cleanup done
Event: 107.022 Executing VM operation: Cleanup
Event: 107.022 Executing VM operation: Cleanup done
Event: 107.703 Executing VM operation: G1CollectForAllocation (G1 Evacuation Pause)
Event: 107.721 Executing VM operation: G1CollectForAllocation (G1 Evacuation Pause) done

Memory protections (0 events):
No events

Nmethod flushes (20 events):
Event: 24.685 Thread 0x000001e4311705e0 flushing  nmethod 0x000001e438f02110
Event: 24.685 Thread 0x000001e4311705e0 flushing  nmethod 0x000001e438f05d10
Event: 24.685 Thread 0x000001e4311705e0 flushing  nmethod 0x000001e438f12010
Event: 24.685 Thread 0x000001e4311705e0 flushing  nmethod 0x000001e438f12c90
Event: 24.685 Thread 0x000001e4311705e0 flushing  nmethod 0x000001e439121290
Event: 24.685 Thread 0x000001e4311705e0 flushing  nmethod 0x000001e439133790
Event: 24.685 Thread 0x000001e4311705e0 flushing  nmethod 0x000001e4398c9190
Event: 24.685 Thread 0x000001e4311705e0 flushing  nmethod 0x000001e439bb5310
Event: 24.685 Thread 0x000001e4311705e0 flushing  nmethod 0x000001e439bb5a10
Event: 24.685 Thread 0x000001e4311705e0 flushing  nmethod 0x000001e439bbed10
Event: 24.685 Thread 0x000001e4311705e0 flushing  nmethod 0x000001e439bbfb10
Event: 24.685 Thread 0x000001e4311705e0 flushing  nmethod 0x000001e439cd9910
Event: 24.685 Thread 0x000001e4311705e0 flushing  nmethod 0x000001e439cda790
Event: 24.685 Thread 0x000001e4311705e0 flushing  nmethod 0x000001e4404b3c10
Event: 24.685 Thread 0x000001e4311705e0 flushing  nmethod 0x000001e438118390
Event: 24.685 Thread 0x000001e4311705e0 flushing  nmethod 0x000001e439094f10
Event: 24.685 Thread 0x000001e4311705e0 flushing  nmethod 0x000001e43921ff10
Event: 24.685 Thread 0x000001e4311705e0 flushing  nmethod 0x000001e4395e4e90
Event: 24.685 Thread 0x000001e4311705e0 flushing  nmethod 0x000001e439886490
Event: 24.685 Thread 0x000001e4311705e0 flushing  nmethod 0x000001e439cf2290

Events (20 events):
Event: 99.196 Thread 0x000001e44c38a230 Thread added: 0x000001e496838f30
Event: 99.244 Thread 0x000001e4311d7ad0 Thread added: 0x000001e49c2ee670
Event: 99.438 Thread 0x000001e49c2ee670 Thread exited: 0x000001e49c2ee670
Event: 99.529 Thread 0x000001e495c1db00 Thread added: 0x000001e49c2f00b0
Event: 99.532 Thread 0x000001e495c1db00 Thread added: 0x000001e49c2f0740
Event: 99.857 Thread 0x000001e496838f30 Thread exited: 0x000001e496838f30
Event: 100.293 Thread 0x000001e495686f20 Thread added: 0x000001e49c2f2180
Event: 101.077 Thread 0x000001e496837ac0 Thread exited: 0x000001e496837ac0
Event: 102.326 Thread 0x000001e4311d7ad0 Thread added: 0x000001e49c2f2ea0
Event: 102.339 Thread 0x000001e49c2f2ea0 Thread added: 0x000001e49c2f2810
Event: 102.388 Thread 0x000001e49c2f2ea0 Thread exited: 0x000001e49c2f2ea0
Event: 102.641 Thread 0x000001e495c1eeb0 Thread added: 0x000001e49c2f2ea0
Event: 102.641 Thread 0x000001e49c2f2ea0 Thread exited: 0x000001e49c2f2ea0
Event: 104.053 Thread 0x000001e495c20260 Thread added: 0x000001e49c2f2ea0
Event: 104.054 Thread 0x000001e49c2f2ea0 Thread exited: 0x000001e49c2f2ea0
Event: 107.315 Thread 0x000001e44c38a230 Thread added: 0x000001e4968373f0
Event: 107.643 Thread 0x000001e4968373f0 Thread exited: 0x000001e4968373f0
Event: 107.666 Thread 0x000001e44c38a230 Thread added: 0x000001e4968373f0
Event: 107.698 Thread 0x000001e44c38a230 Thread added: 0x000001e496838f30
Event: 108.389 Thread 0x000001e496838f30 Thread exited: 0x000001e496838f30


Dynamic libraries:
0x00007ff6e5f20000 - 0x00007ff6e5fa9000 	C:\Users\samut\eclipse\java-2025-03\eclipse\eclipse.exe
0x00007ff8567a0000 - 0x00007ff856a07000 	C:\WINDOWS\SYSTEM32\ntdll.dll
0x00007ff854cb0000 - 0x00007ff854d79000 	C:\WINDOWS\System32\KERNEL32.DLL
0x00007ff8538c0000 - 0x00007ff853cb4000 	C:\WINDOWS\System32\KERNELBASE.dll
0x00007ff855060000 - 0x00007ff855225000 	C:\WINDOWS\System32\USER32.dll
0x00007ff853680000 - 0x00007ff8536a7000 	C:\WINDOWS\System32\win32u.dll
0x00007ff855de0000 - 0x00007ff855e0b000 	C:\WINDOWS\System32\GDI32.dll
0x00007ff853100000 - 0x00007ff85322b000 	C:\WINDOWS\System32\gdi32full.dll
0x00007ff8533a0000 - 0x00007ff853443000 	C:\WINDOWS\System32\msvcp_win.dll
0x00007ff853770000 - 0x00007ff8538bb000 	C:\WINDOWS\System32\ucrtbase.dll
0x00007ff839830000 - 0x00007ff839ac3000 	C:\WINDOWS\WinSxS\amd64_microsoft.windows.common-controls_6595b64144ccf1df_6.0.26100.8115_none_3e075c82e3354f9c\COMCTL32.dll
0x00007ff855690000 - 0x00007ff855739000 	C:\WINDOWS\System32\msvcrt.dll
0x00007ff856040000 - 0x00007ff856072000 	C:\WINDOWS\System32\IMM32.DLL
0x00007ff80a4f0000 - 0x00007ff80a535000 	C:\Users\samut\.p2\pool\plugins\org.eclipse.equinox.launcher.win32.win32.x86_64_1.3.0.v20260203-2149\eclipse_11919.dll
0x00007ff855f80000 - 0x00007ff856036000 	C:\WINDOWS\System32\ADVAPI32.dll
0x00007ff856660000 - 0x00007ff856707000 	C:\WINDOWS\System32\sechost.dll
0x00007ff855490000 - 0x00007ff8555a8000 	C:\WINDOWS\System32\RPCRT4.dll
0x00007ff855c40000 - 0x00007ff855dd7000 	C:\WINDOWS\System32\ole32.dll
0x00007ff855740000 - 0x00007ff855ac2000 	C:\WINDOWS\System32\combase.dll
0x00007ff850590000 - 0x00007ff850639000 	C:\WINDOWS\system32\uxtheme.dll
0x00007ff854d80000 - 0x00007ff854edc000 	C:\WINDOWS\System32\MSCTF.dll
0x00007ff851dd0000 - 0x00007ff851deb000 	C:\WINDOWS\SYSTEM32\kernel.appcore.dll
0x00007ff8535d0000 - 0x00007ff853675000 	C:\WINDOWS\System32\bcryptPrimitives.dll
0x00007ff856080000 - 0x00007ff85612e000 	C:\WINDOWS\System32\clbcatq.dll
0x00007ff855e10000 - 0x00007ff855ee8000 	C:\WINDOWS\System32\OLEAUT32.dll
0x00007ff83e050000 - 0x00007ff83e198000 	C:\WINDOWS\SYSTEM32\textinputframework.dll
0x00007ff84ff60000 - 0x00007ff850087000 	C:\WINDOWS\SYSTEM32\CoreMessaging.dll
0x00007ff84b910000 - 0x00007ff84bbf2000 	C:\WINDOWS\SYSTEM32\CoreUIComponents.dll
0x00007ff853230000 - 0x00007ff85339a000 	C:\WINDOWS\System32\wintypes.dll
0x00007ff852670000 - 0x00007ff85267c000 	C:\WINDOWS\SYSTEM32\CRYPTBASE.DLL
0x00007ff820c40000 - 0x00007ff820cb6000 	C:\WINDOWS\system32\Oleacc.dll
0x00007fffedff0000 - 0x00007fffee04e000 	C:\WINDOWS\system32\ApplicationTargetedFeatureDatabase.dll
0x00007ff840a10000 - 0x00007ff840c5d000 	C:\Windows\System32\twinapi.appcore.dll
0x00007fff86380000 - 0x00007fff87110000 	C:\Users\samut\.p2\pool\plugins\org.eclipse.justj.openjdk.hotspot.jre.full.win32.x86_64_21.0.7.v20250502-0916\jre\bin\server\jvm.dll
0x00007ff855ef0000 - 0x00007ff855f70000 	C:\WINDOWS\System32\WS2_32.dll
0x00007ff852ed0000 - 0x00007ff852f2e000 	C:\WINDOWS\SYSTEM32\POWRPROF.dll
0x00007ff84c120000 - 0x00007ff84c12b000 	C:\WINDOWS\SYSTEM32\VERSION.dll
0x00007ff837a40000 - 0x00007ff837a4b000 	C:\WINDOWS\SYSTEM32\VCRUNTIME140_1.dll
0x00007ff834a40000 - 0x00007ff834a5e000 	C:\WINDOWS\SYSTEM32\VCRUNTIME140.dll
0x00007ff84b6e0000 - 0x00007ff84b716000 	C:\WINDOWS\SYSTEM32\WINMM.dll
0x00007ff852eb0000 - 0x00007ff852ec4000 	C:\WINDOWS\SYSTEM32\UMPDC.dll
0x00007ff835730000 - 0x00007ff83573a000 	C:\Users\samut\.p2\pool\plugins\org.eclipse.justj.openjdk.hotspot.jre.full.win32.x86_64_21.0.7.v20250502-0916\jre\bin\jimage.dll
0x00007ff850e10000 - 0x00007ff851052000 	C:\WINDOWS\SYSTEM32\DBGHELP.DLL
0x00007ff834f10000 - 0x00007ff834f4b000 	C:\WINDOWS\SYSTEM32\dbgcore.DLL
0x00007ff835710000 - 0x00007ff83572f000 	C:\Users\samut\.p2\pool\plugins\org.eclipse.justj.openjdk.hotspot.jre.full.win32.x86_64_21.0.7.v20250502-0916\jre\bin\java.dll
0x00007ff854540000 - 0x00007ff854ca7000 	C:\WINDOWS\System32\SHELL32.dll
0x00007ff853cc0000 - 0x00007ff854528000 	C:\WINDOWS\System32\windows.storage.dll
0x00007ff854ef0000 - 0x00007ff854fe8000 	C:\WINDOWS\System32\SHCORE.dll
0x00007ff854ff0000 - 0x00007ff855056000 	C:\WINDOWS\System32\shlwapi.dll
0x00007ff852f90000 - 0x00007ff852fb9000 	C:\WINDOWS\SYSTEM32\profapi.dll
0x00007ff830ac0000 - 0x00007ff830ad8000 	C:\Users\samut\.p2\pool\plugins\org.eclipse.justj.openjdk.hotspot.jre.full.win32.x86_64_21.0.7.v20250502-0916\jre\bin\zip.dll
0x00007ff8320c0000 - 0x00007ff8320d0000 	C:\Users\samut\.p2\pool\plugins\org.eclipse.justj.openjdk.hotspot.jre.full.win32.x86_64_21.0.7.v20250502-0916\jre\bin\net.dll
0x00007ff84c960000 - 0x00007ff84ca8d000 	C:\WINDOWS\SYSTEM32\WINHTTP.dll
0x00007ff852350000 - 0x00007ff8523bc000 	C:\WINDOWS\system32\mswsock.dll
0x00007ff830860000 - 0x00007ff830876000 	C:\Users\samut\.p2\pool\plugins\org.eclipse.justj.openjdk.hotspot.jre.full.win32.x86_64_21.0.7.v20250502-0916\jre\bin\nio.dll
0x00007ff830ce0000 - 0x00007ff830cf0000 	C:\Users\samut\.p2\pool\plugins\org.eclipse.justj.openjdk.hotspot.jre.full.win32.x86_64_21.0.7.v20250502-0916\jre\bin\verify.dll
0x00007ff830850000 - 0x00007ff83085e000 	C:\Users\samut\.p2\pool\plugins\org.eclipse.justj.openjdk.hotspot.jre.full.win32.x86_64_21.0.7.v20250502-0916\jre\bin\sunmscapi.dll
0x00007ff853450000 - 0x00007ff8535c7000 	C:\WINDOWS\System32\CRYPT32.dll
0x00007ff852870000 - 0x00007ff8528a0000 	C:\WINDOWS\SYSTEM32\ncrypt.dll
0x00007ff852820000 - 0x00007ff85285f000 	C:\WINDOWS\SYSTEM32\NTASN1.dll
0x00007ff8526c0000 - 0x00007ff8526d3000 	C:\WINDOWS\SYSTEM32\MSASN1.dll
0x00007ff852650000 - 0x00007ff85266b000 	C:\WINDOWS\SYSTEM32\CRYPTSP.dll
0x00007ff851d20000 - 0x00007ff851d59000 	C:\WINDOWS\system32\rsaenh.dll
0x00007ff8523c0000 - 0x00007ff8523f0000 	C:\WINDOWS\SYSTEM32\gpapi.dll
0x00007ff852f60000 - 0x00007ff852f8a000 	C:\WINDOWS\SYSTEM32\bcrypt.dll
0x00007ff852400000 - 0x00007ff852433000 	C:\WINDOWS\SYSTEM32\USERENV.dll
0x00007ff8517f0000 - 0x00007ff851822000 	C:\WINDOWS\SYSTEM32\IPHLPAPI.DLL
0x00007ff854530000 - 0x00007ff85453a000 	C:\WINDOWS\System32\NSI.dll
0x00007ff802940000 - 0x00007ff802989000 	C:\Users\samut\AppData\Local\Temp\jna-109203134\jna2423073913077985877.dll
0x00007ff854ee0000 - 0x00007ff854ee8000 	C:\WINDOWS\System32\PSAPI.DLL
0x00007ff84ce60000 - 0x00007ff84ce7d000 	C:\WINDOWS\SYSTEM32\dhcpcsvc6.DLL
0x00007ff84ce30000 - 0x00007ff84ce55000 	C:\WINDOWS\SYSTEM32\dhcpcsvc.DLL
0x00007ff8242b0000 - 0x00007ff8242d1000 	C:\Users\samut\eclipse\java-2025-03\eclipse\configuration\org.eclipse.osgi\1044\0\.cp\swt-osversion-win32-4972r7.dll
0x00007fffe1920000 - 0x00007fffe19ea000 	C:\Users\samut\eclipse\java-2025-03\eclipse\configuration\org.eclipse.osgi\1044\0\.cp\swt-win32-4972r7.dll
0x00007ff855ad0000 - 0x00007ff855bbf000 	C:\WINDOWS\System32\COMDLG32.dll
0x00007ff83db00000 - 0x00007ff83dbb1000 	C:\WINDOWS\SYSTEM32\WINSPOOL.DRV
0x00007ff83c420000 - 0x00007ff83c6b5000 	C:\WINDOWS\SYSTEM32\WININET.dll
0x00007ff84e210000 - 0x00007ff84e313000 	C:\WINDOWS\SYSTEM32\PROPSYS.dll
0x00007ff83cad0000 - 0x00007ff83cae9000 	C:\WINDOWS\SYSTEM32\USP10.dll
0x00007ff838d70000 - 0x00007ff838f4f000 	C:\WINDOWS\SYSTEM32\urlmon.dll
0x00007fffd1100000 - 0x00007fffd1108000 	C:\WINDOWS\SYSTEM32\MSIMG32.dll
0x00007ff850850000 - 0x00007ff85087f000 	C:\WINDOWS\SYSTEM32\dwmapi.dll
0x00007ff838aa0000 - 0x00007ff838d64000 	C:\WINDOWS\SYSTEM32\iertutil.dll
0x00007ff852be0000 - 0x00007ff852c31000 	C:\WINDOWS\SYSTEM32\cfgmgr32.dll
0x00007ff838a70000 - 0x00007ff838a99000 	C:\WINDOWS\SYSTEM32\srvcli.dll
0x00007ff851760000 - 0x00007ff85176d000 	C:\WINDOWS\SYSTEM32\netutils.dll
0x00007ff816c70000 - 0x00007ff816c7f000 	C:\WINDOWS\SYSTEM32\LINKINFO.dll
0x00007ff850380000 - 0x00007ff85041f000 	C:\WINDOWS\SYSTEM32\apphelp.dll
0x00007ff84edd0000 - 0x00007ff84f037000 	C:\WINDOWS\SYSTEM32\DWrite.dll
0x00007ff81fe80000 - 0x00007ff81feac000 	C:\Users\samut\eclipse\java-2025-03\eclipse\configuration\org.eclipse.osgi\1044\0\.cp\swt-gdip-win32-4972r7.dll
0x00007ff83b080000 - 0x00007ff83b258000 	C:\WINDOWS\WinSxS\amd64_microsoft.windows.gdiplus_6595b64144ccf1df_1.1.26100.8246_none_6ef5395a3dc52f61\gdiplus.dll
0x00007ff84eb90000 - 0x00007ff84edbe000 	C:\WINDOWS\SYSTEM32\WindowsCodecs.dll
0x00007ff823190000 - 0x00007ff8231a8000 	C:\WINDOWS\system32\napinsp.dll
0x00007ff851890000 - 0x00007ff8519c2000 	C:\WINDOWS\SYSTEM32\DNSAPI.dll
0x00007ff823330000 - 0x00007ff823343000 	C:\WINDOWS\System32\winrnr.dll
0x00007ff823300000 - 0x00007ff823322000 	C:\WINDOWS\system32\nlansp_c.dll
0x00007ff843e80000 - 0x00007ff843e96000 	C:\WINDOWS\system32\wshbth.dll
0x00007ff84c0d0000 - 0x00007ff84c0db000 	C:\Windows\System32\rasadhlp.dll
0x00007ff84d550000 - 0x00007ff84d5d6000 	C:\WINDOWS\System32\fwpuclnt.dll
0x00007ff836c80000 - 0x00007ff836d33000 	C:\WINDOWS\SYSTEM32\TextShaping.dll
0x00007fffdffc0000 - 0x00007fffe014e000 	C:\Users\samut\.p2\pool\plugins\org.eclipse.justj.openjdk.hotspot.jre.full.win32.x86_64_21.0.7.v20250502-0916\jre\bin\awt.dll
0x00007fffe7710000 - 0x00007fffe7798000 	C:\WINDOWS\SYSTEM32\MSVCP140.dll
0x00007fffe74e0000 - 0x00007fffe7562000 	C:\Users\samut\.p2\pool\plugins\org.eclipse.justj.openjdk.hotspot.jre.full.win32.x86_64_21.0.7.v20250502-0916\jre\bin\mlib_image.dll
0x00007fffe2120000 - 0x00007fffe21a7000 	C:\Users\samut\.p2\pool\plugins\org.eclipse.justj.openjdk.hotspot.jre.full.win32.x86_64_21.0.7.v20250502-0916\jre\bin\freetype.dll
0x00007fffe1030000 - 0x00007fffe110b000 	C:\Users\samut\.p2\pool\plugins\org.eclipse.justj.openjdk.hotspot.jre.full.win32.x86_64_21.0.7.v20250502-0916\jre\bin\fontmanager.dll
0x00007ff82bf00000 - 0x00007ff82bf5a000 	C:\WINDOWS\system32\dataexchange.dll
0x00007ff809ee0000 - 0x00007ff809f08000 	C:\Users\samut\eclipse\java-2025-03\eclipse\configuration\org.eclipse.osgi\1044\0\.cp\WebView2Loader.dll
0x00007ff80bd50000 - 0x00007ff80c5a9000 	C:\Program Files (x86)\Microsoft\EdgeWebView\Application\147.0.3912.72\EBWebView\x64\EmbeddedBrowserWebView.dll
0x00007ff829370000 - 0x00007ff829399000 	C:\WINDOWS\system32\edputil.dll
0x00007ff8155c0000 - 0x00007ff8158a2000 	C:\WINDOWS\system32\explorerframe.dll
0x00007ff840f80000 - 0x00007ff840fc4000 	C:\WINDOWS\system32\mlang.dll
0x00007ff836200000 - 0x00007ff8362c0000 	C:\Windows\System32\Windows.FileExplorer.Common.dll
0x00007ff811fb0000 - 0x00007ff812056000 	C:\WINDOWS\SYSTEM32\ntshrui.dll
0x00007ff82b660000 - 0x00007ff82b673000 	C:\WINDOWS\SYSTEM32\cscapi.dll
0x00007ff84e620000 - 0x00007ff84e6d4000 	C:\WINDOWS\SYSTEM32\policymanager.dll
0x00007ff83ad70000 - 0x00007ff83ae83000 	C:\WINDOWS\SYSTEM32\mrmcorer.dll
0x00007ff83e570000 - 0x00007ff83e58d000 	C:\WINDOWS\SYSTEM32\windows.staterepositorycore.dll
0x00007ff83ac10000 - 0x00007ff83ad69000 	C:\Windows\System32\Windows.UI.dll
0x00007ff83b3c0000 - 0x00007ff83b3f4000 	C:\WINDOWS\SYSTEM32\bcp47mrm.dll
0x00007ff831600000 - 0x00007ff831647000 	C:\WINDOWS\SYSTEM32\windows.staterepositoryclient.dll
0x00007ff830300000 - 0x00007ff830309000 	C:\Users\samut\.p2\pool\plugins\org.eclipse.justj.openjdk.hotspot.jre.full.win32.x86_64_21.0.7.v20250502-0916\jre\bin\extnet.dll
0x00007ff823750000 - 0x00007ff823b70000 	C:\Windows\System32\uiautomationcore.dll
0x00007ff852de0000 - 0x00007ff852e82000 	C:\WINDOWS\SYSTEM32\sxs.dll

dbghelp: loaded successfully - version: 4.0.5 - missing functions: none
symbol engine: initialized successfully - sym options: 0x614 - pdb path: .;C:\Users\samut\eclipse\java-2025-03\eclipse;C:\WINDOWS\SYSTEM32;C:\WINDOWS\WinSxS\amd64_microsoft.windows.common-controls_6595b64144ccf1df_6.0.26100.8115_none_3e075c82e3354f9c;C:\Users\samut\.p2\pool\plugins\org.eclipse.equinox.launcher.win32.win32.x86_64_1.3.0.v20260203-2149;C:\Users\samut\.p2\pool\plugins\org.eclipse.justj.openjdk.hotspot.jre.full.win32.x86_64_21.0.7.v20250502-0916\jre\bin\server;C:\Users\samut\.p2\pool\plugins\org.eclipse.justj.openjdk.hotspot.jre.full.win32.x86_64_21.0.7.v20250502-0916\jre\bin;C:\Users\samut\AppData\Local\Temp\jna-109203134;C:\Users\samut\eclipse\java-2025-03\eclipse\configuration\org.eclipse.osgi\1044\0\.cp;c:\windows\nilesoft;C:\WINDOWS\WinSxS\amd64_microsoft.windows.gdiplus_6595b64144ccf1df_1.1.26100.8246_none_6ef5395a3dc52f61;C:\Program Files (x86)\Microsoft\EdgeWebView\Application\147.0.3912.72\EBWebView\x64

VM Arguments:
jvm_args: -Declipse.p2.max.threads=10 -Doomph.update.url=https://download.eclipse.org/oomph/updates/milestone/latest -Doomph.redirection.index.redirection=index:/->https://raw.githubusercontent.com/eclipse-oomph/oomph/master/setups/ --add-opens=java.base/java.lang=ALL-UNNAMED -Djava.security.manager=allow -XX:CompileCommand=quiet -XX:CompileCommand=exclude org.eclipse.jdt.internal.core.dom.rewrite.ASTRewriteAnalyzer::getExtendedRange -Dorg.eclipse.ecf.provider.filetransfer.excludeContributors=org.eclipse.ecf.provider.filetransfer.httpclientjava -Dosgi.requiredJavaVersion=21 -Dosgi.instance.area.default=@user.home/eclipse-workspace -Dosgi.dataAreaRequiresExplicitInit=true -Dorg.eclipse.swt.graphics.Resource.reportNonDisposed=true -Declipse.e4.inject.javax.warning=false -Declipse.platform.mergeTrust=true -XX:+UseG1GC -XX:+UseStringDeduplication --add-modules=ALL-SYSTEM 
java_command: Eclipse
java_class_path (initial): C:\Users\samut\eclipse\java-2025-03\eclipse\\plugins/org.eclipse.equinox.launcher_1.7.100.v20251111-0406.jar
Launcher Type: generic

[Global flags]
     intx CICompilerCount                          = 4                                         {product} {ergonomic}
ccstrlist CompileCommand                           = quiet
          CompileCommand                          += exclude org.eclipse.jdt.internal.core.dom.rewrite.ASTRewriteAnalyzer::getExtendedRange            {product} {command line}
     uint ConcGCThreads                            = 2                                         {product} {ergonomic}
     uint G1ConcRefinementThreads                  = 8                                         {product} {ergonomic}
   size_t G1HeapRegionSize                         = 1048576                                   {product} {ergonomic}
    uintx GCDrainStackTargetSize                   = 64                                        {product} {ergonomic}
   size_t InitialHeapSize                          = 130023424                                 {product} {ergonomic}
   size_t MarkStackSize                            = 4194304                                   {product} {ergonomic}
   size_t MaxHeapSize                              = 2067791872                                {product} {ergonomic}
   size_t MaxNewSize                               = 1240465408                                {product} {ergonomic}
   size_t MinHeapDeltaBytes                        = 1048576                                   {product} {ergonomic}
   size_t MinHeapSize                              = 8388608                                   {product} {ergonomic}
    uintx NonNMethodCodeHeapSize                   = 5839372                                {pd product} {ergonomic}
    uintx NonProfiledCodeHeapSize                  = 122909434                              {pd product} {ergonomic}
    uintx ProfiledCodeHeapSize                     = 122909434                              {pd product} {ergonomic}
    uintx ReservedCodeCacheSize                    = 251658240                              {pd product} {ergonomic}
     bool SegmentedCodeCache                       = true                                      {product} {ergonomic}
   size_t SoftMaxHeapSize                          = 2067791872                             {manageable} {ergonomic}
     bool UseCompressedOops                        = true                           {product lp64_product} {ergonomic}
     bool UseG1GC                                  = true                                      {product} {command line}
     bool UseLargePagesIndividualAllocation        = false                                  {pd product} {ergonomic}
     bool UseStringDeduplication                   = true                                      {product} {command line}

Logging:
Log output configuration:
 #0: stdout all=warning uptime,level,tags foldmultilines=false
 #1: stderr all=off uptime,level,tags foldmultilines=false

Environment Variables:
JAVA_HOME=C:\Program Files\Java\jdk-24
PATH=C:\Program Files\Common Files\Oracle\Java\javapath;C:\Program Files (x86)\Common Files\Oracle\Java\java8path;C:\Program Files (x86)\Common Files\Oracle\Java\javapath;C:\Program Files\Java\jdk-24\bin;C:\Program Files\nodejs\;C:\Program Files\dotnet\;;C:\WINDOWS\system32;C:\WINDOWS;C:\WINDOWS\System32\Wbem;C:\WINDOWS\System32\WindowsPowerShell\v1.0\;C:\WINDOWS\System32\OpenSSH\;C:\Program Files\PuTTY\;C:\Users\samut\AppData\Local\Programs\Python\Launcher\;C:\Users\samut\Downloads\bin;C:\Users\samut\AppData\Local\Programs\Python\Python313\Scripts\;C:\Users\samut\AppData\Local\Programs\Python\Python313\;C:\Users\samut\OneDrive\Escritorio\2022\Programación\Pyton\Scripts\;C:\Users\samut\OneDrive\Escritorio\2022\Programación\Pyton\;C:\Users\samut\AppData\Local\Microsoft\WindowsApps;C:\Program Files\JetBrains\PyCharm Community Edition 2024.2\bin;;C:\Program Files (x86)\Java\jdk-17.0.12\bin;C:\Program Files (x86)\Java\jre1.8.0_421\bin;C:\Users\samut\AppData\Local\Muse Hub\lib;C:\Program Files\Graphviz\bin\;C:\Users\samut\AppData\Local\GitHubDesktop\bin;C:\ghcup\bin;C:\Users\samut\AppData\Local\Programs\Microsoft VS Code\bin;C:\Users\samut\AppData\Roaming\cabal\bin;C:\tools\ghc-9.8.2\bin;C:\tools\msys64;C:\Program Files\JetBrains\IntelliJ IDEA 2025.1.1.1\bin;;C:\Users\samut\IntelliJ IDEA Community Edition 2025.1.1.1\bin;;C:\Program Files\Java\jdk-24;C:\Program Files\Git\cmd;C:\msys64\mingw64\bin;C:\Users\samut\AppData\Local\Programs\Antigravity\bin;C:\Users\samut\AppData\Roaming\npm;C:\MinGW\bin;C:\Users\samut\AppData\Local\Programs\Warp\bin;C:\Windows\System32;C:\Users\samut\OneDrive\Escritorio\Programas;
USERNAME=samut
OS=Windows_NT
PROCESSOR_IDENTIFIER=Intel64 Family 6 Model 140 Stepping 1, GenuineIntel
TMP=C:\Users\samut\AppData\Local\Temp
TEMP=C:\Users\samut\AppData\Local\Temp




Periodic native trim disabled

---------------  S Y S T E M  ---------------

OS:
 Windows 11 , 64 bit Build 26100 (10.0.26100.8246)
OS uptime: 10 days 6:04 hours
Hyper-V role detected

CPU: total 8 (initial active 8) (4 cores per cpu, 2 threads per core) family 6 model 140 stepping 1 microcode 0xa4, cx8, cmov, fxsr, ht, mmx, 3dnowpref, sse, sse2, sse3, ssse3, sse4.1, sse4.2, popcnt, lzcnt, tsc, tscinvbit, avx, avx2, aes, erms, clmul, bmi1, bmi2, adx, avx512f, avx512dq, avx512cd, avx512bw, avx512vl, sha, fma, vzeroupper, avx512_vpopcntdq, avx512_vpclmulqdq, avx512_vaes, avx512_vnni, clflush, clflushopt, clwb, avx512_vbmi2, avx512_vbmi, hv, rdtscp, rdpid, fsrm, gfni, avx512_bitalg, f16c, cet_ibt, cet_ss, avx512_ifma
Processor Information for the first 8 processors :
  Max Mhz: 2419, Current Mhz: 2419, Mhz Limit: 2419

Memory: 4k page, system-wide physical 7886M (1702M free)
TotalPageFile size 21553M (AvailPageFile size 5153M)
current process WorkingSet (physical memory assigned to process): 1154M, peak: 1159M
current process commit charge ("private bytes"): 1094M, peak: 1104M

vm_info: OpenJDK 64-Bit Server VM (21.0.7+6-LTS) for windows-amd64 JRE (21.0.7+6-LTS), built on 2025-04-15T00:00:00Z by "admin" with MS VC++ 17.7 (VS2022)

END.
